ID,Country,alcoholonline,alcoholinstore,vegetablesonline,vegetablesinstore,nonvegonline,nonveginstore,pesconline,pescinstore,chocoonline,chocoinstore,comonline,cominstore
0,SA,60,179,3,8,139,416,64,191,22,65,14,41
1,CA,232,232,3,3,32,32,4,4,0,0,19,19
9,CA,34,23,0,0,16,11,0,0,0,0,22,14
13,SA,5,14,0,0,1,4,0,0,0,0,2,6
17,SP,294,343,22,25,109,128,6,6,9,10,35,41
20,GER,14,29,4,8,8,15,10,19,5,10,20,41
22,SP,101,84,1,1,48,40,8,7,3,2,8,6
24,SA,8,10,1,1,8,11,0,0,1,1,3,3
25,CA,212,248,16,19,195,227,15,18,6,6,71,82
35,SP,13,19,0,1,26,38,6,10,5,7,34,51
48,SP,78,58,1,0,7,5,0,0,2,1,18,14
49,CA,1,1,1,2,2,4,1,3,0,1,3,6
55,SP,223,286,0,0,28,37,3,4,5,6,2,3
67,SP,23,45,0,0,5,11,0,0,0,0,3,5
73,IND,0,14,0,0,0,3,0,0,0,0,0,1
75,US,21,13,7,4,84,53,110,69,38,23,28,17
78,SP,5,10,0,0,4,7,0,0,1,1,3,6
87,GER,0,0,3,4,2,3,10,16,1,1,7,10
89,SA,2,3,3,6,7,13,2,4,3,5,7,14
92,CA,2,3,3,4,10,14,8,11,6,8,9,11
113,SP,3,8,0,0,2,5,1,2,0,1,2,5
115,IND,106,169,4,7,26,42,10,15,3,4,3,4
123,AUS,272,272,18,18,67,67,12,12,76,76,54,54
125,IND,108,108,4,4,17,17,2,2,0,0,7,7
143,US,259,207,0,0,124,100,66,53,27,22,55,44
146,SP,203,557,14,39,107,293,5,12,25,68,0,0
153,SP,5,14,1,2,2,5,1,3,1,2,3,9
158,SP,212,133,33,20,325,203,60,38,46,29,60,37
164,SP,103,103,0,0,23,23,2,2,1,1,6,6
175,SP,328,328,40,40,228,228,26,26,54,54,47,47
176,SP,36,54,15,23,27,40,13,20,14,22,27,40
178,SP,201,277,0,0,81,112,46,64,32,43,49,68
182,SP,155,129,0,0,30,25,0,0,3,3,28,24
193,SP,0,0,0,0,1,1,1,2,1,2,3,5
194,SP,6,17,0,0,3,8,1,2,1,2,1,2
195,SP,69,56,9,8,29,23,2,1,11,8,17,13
199,CA,80,139,1,2,22,38,4,8,3,6,4,8
202,IND,121,211,71,123,137,240,54,95,45,80,21,36
203,SP,460,828,7,13,219,394,29,51,22,39,10,17
213,SP,14,21,0,0,4,7,0,0,0,0,1,1
217,CA,229,327,6,8,295,422,86,124,0,0,18,25
221,GER,59,79,1,2,16,22,2,2,0,0,25,34
231,SP,10,14,0,0,3,4,0,0,0,0,0,1
232,SP,80,199,24,59,25,63,9,23,4,10,10,24
234,SP,0,1,1,1,3,5,1,3,1,2,4,9
236,CA,9,19,8,15,10,19,10,19,5,9,16,31
238,SP,258,258,24,24,91,91,75,75,48,48,48,48
241,SP,240,661,8,23,92,253,20,55,8,23,51,140
246,SP,72,127,3,6,21,36,7,13,8,13,2,4
247,SP,109,63,6,4,80,45,13,8,8,5,10,6
252,SA,53,70,57,76,61,81,30,41,19,25,38,50
254,SP,200,200,2,2,15,15,3,3,2,2,15,15
255,SP,4,13,0,0,1,2,0,0,0,0,1,2
257,SP,340,612,4,8,64,116,17,30,4,8,4,8
263,SP,28,28,10,10,15,15,1,1,7,7,13,13
269,SP,283,494,11,19,59,104,0,0,19,32,44,78
271,CA,77,77,0,0,25,25,3,3,6,6,19,19
273,GER,56,74,0,0,7,9,0,0,0,0,2,3
274,GER,4,5,1,2,6,9,1,1,1,2,1,1
286,SP,27,68,3,8,10,25,0,0,1,3,2,5
291,SA,61,121,25,49,99,199,54,108,50,99,39,77
295,SP,106,387,15,55,69,255,31,115,9,31,18,66
304,SP,10,10,2,2,10,10,2,2,3,3,13,13
309,SA,565,353,13,8,73,45,8,5,6,4,13,8
310,CA,102,228,2,3,49,110,11,25,8,19,5,11
313,SA,338,563,23,38,284,473,70,116,61,102,8,13
322,AUS,12,17,0,1,4,7,0,0,0,0,0,0
326,IND,107,128,3,3,20,25,4,4,4,5,5,7
332,SP,79,119,1,1,17,26,0,0,5,7,8,12
339,SP,297,165,0,0,15,9,4,2,0,0,3,1
340,GER,74,84,16,19,84,95,0,0,0,0,58,67
347,CA,134,95,16,11,41,30,8,5,2,1,20,14
359,SP,213,160,8,6,47,36,3,3,5,4,11,8
361,AUS,2,3,0,1,2,5,1,1,0,1,1,3
367,CA,30,17,58,32,60,34,79,44,66,37,77,43
368,IND,30,61,22,43,17,35,3,7,15,29,9,19
375,SP,79,437,9,47,69,380,13,73,5,28,2,14
378,SP,117,166,46,66,62,89,21,30,30,42,51,74
380,SA,644,527,26,22,176,144,23,19,18,14,106,86
387,US,2,4,6,10,4,7,4,7,0,1,6,10
405,SP,197,118,0,0,19,12,3,2,0,0,57,34
425,IND,132,242,23,41,41,75,30,54,9,16,23,41
433,CA,346,188,3,2,30,17,0,0,3,2,27,14
437,AUS,63,231,30,112,47,171,35,129,12,46,32,119
448,SP,109,199,30,55,48,89,36,66,16,29,42,76
450,US,13,54,3,12,16,64,3,14,2,9,16,64
451,IND,3,6,0,0,2,5,1,1,0,0,1,3
453,SP,11,16,0,0,5,7,0,0,0,1,2,3
454,SA,412,412,16,16,81,81,21,21,16,16,22,22
455,SP,51,51,5,5,32,32,1,1,5,5,12,12
456,SP,0,1,4,7,2,3,2,2,2,4,4,5
460,SA,216,576,23,63,202,538,18,49,14,37,5,12
466,SP,91,297,3,11,51,167,21,70,3,11,5,16
477,SP,303,757,17,44,239,596,23,57,6,14,29,72
486,CA,100,334,32,105,92,308,10,35,32,105,10,35
492,CA,173,149,2,1,27,23,2,2,2,1,23,19
498,SP,5,20,0,0,4,18,0,2,1,2,1,4
500,SP,397,511,19,24,322,413,18,23,85,109,9,12
503,AUS,5,8,0,1,12,17,1,2,0,0,3,4
520,SP,1,2,1,2,2,5,2,4,1,1,3,6
521,SP,93,81,41,36,108,95,3,3,13,11,52,45
523,SP,8,15,0,0,9,17,2,5,5,10,1,2
524,AUS,1,1,12,12,6,6,4,4,3,3,23,23
528,IND,89,178,13,25,234,467,50,99,55,110,21,42
531,SP,443,498,7,7,187,210,36,40,27,31,83,93
535,GER,31,132,4,19,80,345,5,22,12,53,14,62
538,SA,6,25,2,7,5,22,3,13,2,7,7,26
544,SP,133,265,20,41,88,177,46,92,20,41,18,35
550,SP,46,197,25,106,41,176,16,69,1,5,5,21
564,SP,351,395,4,4,59,66,5,6,4,4,4,4
569,SP,293,411,54,75,355,498,50,70,31,43,46,65
574,GER,3,11,7,29,2,9,1,2,5,21,7,28
577,SP,2,7,0,1,2,5,0,0,1,2,1,2
590,SP,453,363,37,29,305,244,120,96,37,29,55,44
591,IND,156,137,19,16,95,84,25,21,31,28,35,30
606,SP,2,4,0,1,1,1,1,1,0,0,1,3
607,IND,161,141,15,14,70,61,17,15,0,0,14,13
610,AUS,188,161,2,2,42,36,3,3,0,0,23,20
615,SP,36,29,20,16,41,33,21,17,11,9,61,49
618,AUS,155,267,3,4,88,150,25,44,17,29,6,9
624,SA,0,6,0,4,0,1,0,7,0,2,0,15
626,US,6,17,1,2,3,9,0,0,1,2,1,4
635,SP,261,203,3,2,36,28,4,3,0,0,39,31
640,SP,147,209,33,47,135,194,57,81,7,10,44,62
641,IND,30,30,0,0,6,6,0,0,0,0,24,24
642,CA,1,1,2,2,1,1,10,10,15,15,24,24
663,SP,10,30,1,2,4,11,2,6,0,0,2,5
675,SP,65,81,0,0,41,52,3,4,6,7,32,41
679,SP,3,10,1,3,5,15,0,0,0,0,0,1
692,IND,1,3,1,1,2,3,0,0,0,0,2,3
697,SP,442,530,27,32,415,498,11,14,9,10,27,32
701,SP,303,404,9,12,107,143,36,49,18,25,31,42
702,SP,54,108,20,41,28,55,32,65,19,38,20,41
709,SA,121,666,3,17,31,173,0,0,0,0,14,78
713,SP,56,85,6,9,61,92,27,40,12,19,14,21
716,SP,187,342,0,0,126,230,22,41,10,18,0,0
736,IND,7,11,1,2,8,11,1,2,1,2,2,4
737,SP,664,829,38,48,202,252,50,62,19,24,19,24
738,IND,21,27,6,7,24,33,10,14,6,9,11,14
749,SP,23,23,4,4,30,30,1,1,2,2,14,14
760,SA,277,311,3,4,36,40,52,58,7,8,7,8
762,SP,159,181,10,11,63,71,120,138,7,7,26,30
771,GER,39,96,3,6,11,28,1,3,0,0,2,5
773,IND,227,152,2,2,56,37,7,5,5,4,59,39
793,AUS,7,11,1,2,7,10,1,2,0,0,2,2
796,CA,338,246,25,19,123,89,27,19,5,3,102,75
798,SP,1,2,0,0,2,5,2,6,2,5,1,4
800,SA,6,17,0,1,2,5,0,0,0,0,1,2
803,SP,0,12,0,0,0,5,0,0,0,0,0,4
807,IND,100,67,1,1,53,36,0,0,0,0,20,14
810,SP,40,111,22,59,23,63,45,123,24,67,17,47
819,SP,160,348,39,85,79,170,16,34,12,26,42,92
821,CA,283,679,18,43,271,650,15,37,18,43,6,14
830,IND,392,392,24,24,280,280,21,21,88,88,24,24
832,SP,249,312,6,8,50,63,4,6,6,8,16,19
833,SP,28,28,0,0,7,7,0,0,0,0,1,1
837,SP,18,45,2,4,16,41,4,9,4,9,6,16
839,SP,42,55,2,2,19,25,3,3,0,1,8,10
843,SP,128,175,0,0,118,162,25,35,62,85,6,9
849,SP,120,200,18,30,50,83,15,24,27,45,18,30
850,SP,152,229,11,17,86,129,34,50,11,17,8,13
851,CA,102,204,2,3,36,73,7,14,36,73,31,61
868,SA,22,32,0,0,3,4,0,0,0,0,2,2
873,SP,254,845,0,0,10,35,0,0,0,0,8,26
879,SA,206,206,0,0,13,13,0,0,0,0,11,11
880,SP,1,1,12,12,6,6,4,4,3,3,23,23
891,SP,2,4,0,0,1,1,1,1,0,0,0,1
895,SP,137,273,5,11,38,76,0,0,2,3,16,33
898,SP,16,22,6,9,23,31,1,2,3,5,12,17
902,CA,134,90,7,5,29,19,2,2,7,5,7,5
905,SA,4,3,10,7,10,8,3,3,6,4,15,11
907,SP,106,148,3,4,30,41,2,2,0,0,11,16
916,SP,5,15,1,2,1,3,1,2,0,0,1,2
922,GER,5,11,1,1,4,7,1,2,0,0,5,11
933,SP,3,6,0,0,2,4,1,3,0,1,2,3
938,SP,26,26,1,1,4,4,1,1,1,1,13,13
940,SA,47,111,3,8,30,69,5,11,3,8,5,12
942,SP,97,42,9,4,55,23,14,6,9,4,25,11
944,SP,44,77,37,66,25,44,3,5,16,28,17,31
945,SP,37,50,1,2,11,14,1,2,1,1,6,7
946,SP,17,28,18,29,20,33,8,13,8,13,9,16
948,SP,1,3,2,5,2,5,2,4,1,3,4,9
954,AUS,1,2,1,2,10,14,14,20,3,4,12,19
955,SA,84,84,1,1,22,22,3,3,1,1,10,10
961,SP,78,55,16,11,246,175,8,5,114,81,41,30
965,US,118,118,33,33,82,82,25,25,25,25,14,14
966,SP,190,348,5,8,32,59,6,11,2,4,9,17
967,SP,122,220,3,6,40,72,7,12,5,9,7,12
968,AUS,56,56,10,10,11,11,8,8,7,7,3,3
975,AUS,79,99,2,2,12,14,4,4,2,2,20,24
977,CA,77,123,7,12,43,68,19,31,6,9,7,12
979,SP,2,4,4,6,8,13,8,11,6,8,17,25
983,US,73,37,19,10,61,31,19,9,7,3,97,48
988,SP,189,221,0,0,273,319,68,79,10,12,10,12
999,CA,173,317,16,28,44,81,10,19,7,13,8,14
1000,SP,216,289,31,41,116,154,15,21,12,15,23,31
1008,GER,255,473,6,11,47,86,4,7,3,5,43,81
1010,SP,10,31,0,0,4,13,1,2,0,1,4,12
1012,AUS,232,291,3,4,60,74,16,21,6,8,75,94
1016,CA,16,25,0,1,2,4,1,1,0,0,2,3
1020,SP,146,204,25,35,237,331,46,64,55,78,60,85
1029,SP,100,100,3,3,22,22,0,0,5,5,10,10
1030,SA,6,17,0,0,3,10,0,0,0,0,1,2
1031,IND,225,375,8,13,131,219,11,18,11,19,12,21
1041,SA,173,149,2,1,27,23,2,2,2,1,23,19
1044,AUS,115,184,2,3,77,124,8,13,8,13,19,30
1045,SP,62,50,6,4,59,48,17,13,0,0,11,9
1048,SA,27,36,1,2,29,38,3,5,4,5,12,16
1050,GER,5,9,3,7,4,9,1,3,5,10,3,6
1052,AUS,350,306,20,18,86,75,33,29,25,22,20,17
1055,GER,7,22,0,0,2,6,1,2,0,0,2,5
1064,SP,6,17,0,1,3,8,0,0,1,4,1,2
1065,US,279,279,65,65,492,492,97,97,19,19,9,9
1071,US,186,346,31,57,59,109,24,45,15,29,47,86
1072,CA,28,42,0,0,7,10,0,0,0,0,2,4
1077,SP,164,94,67,38,152,87,151,86,109,63,6,3
1079,IND,250,750,0,0,19,57,0,0,0,0,3,8
1081,SA,400,333,5,4,98,82,7,5,10,9,36,30
1087,SP,11,5,9,5,24,12,25,12,15,7,32,16
1092,IND,186,83,89,40,343,152,126,56,30,13,20,9
1100,CA,12,12,2,2,11,11,0,0,1,1,5,5
1103,AUS,425,1061,16,39,79,199,14,35,0,0,53,132
1109,SP,2,4,0,0,2,3,0,0,0,0,0,1
1118,SP,363,181,9,4,57,28,5,3,4,2,19,10
1127,SP,433,505,9,10,389,454,12,13,44,51,18,20
1131,SA,28,57,0,0,1,2,0,0,0,0,2,5
1135,CA,8,10,1,1,8,11,0,0,1,1,3,3
1137,SP,145,253,69,121,195,342,22,39,57,99,13,24
1139,SP,525,525,7,7,161,161,0,0,7,7,56,56
1142,SP,52,156,2,5,21,62,8,23,17,50,9,26
1143,CA,3,4,4,6,5,8,1,2,4,7,4,7
1146,AUS,306,214,5,3,131,92,19,13,29,20,25,17
1150,SP,378,378,72,72,281,281,52,52,32,32,112,112
1158,SP,44,58,0,1,6,9,1,1,0,0,10,14
1160,SP,5,5,2,2,9,9,5,5,1,1,4,4
1162,SP,39,85,26,57,83,184,27,58,18,41,11,24
1165,SA,110,129,6,7,66,77,21,24,2,2,24,28
1168,SP,92,230,15,38,257,642,10,24,11,29,15,38
1170,SP,28,22,8,7,61,49,22,17,8,7,8,7
1172,SP,361,618,16,28,344,591,11,18,9,16,8,14
1173,SP,480,720,42,63,303,455,0,0,17,25,59,88
1175,SP,44,44,20,20,27,27,32,32,14,14,77,77
1176,SP,1,1,2,4,1,3,1,2,0,1,3,6
1177,SP,40,40,2,2,13,13,2,2,1,1,7,7
1183,GER,3,6,0,1,1,3,1,2,1,1,1,2
1184,SA,277,277,21,21,108,108,6,6,0,0,12,12
1204,SA,627,627,0,0,224,224,12,12,36,36,18,18
1212,SP,219,165,14,11,167,125,74,56,23,18,37,27
1215,SP,288,403,49,68,208,291,32,44,43,60,37,51
1225,SA,132,351,23,61,109,289,56,149,23,61,66,175
1232,GER,196,391,18,36,116,232,24,47,18,36,43,87
1241,GER,3,10,1,2,2,6,2,5,1,3,4,12
1245,SP,244,733,3,9,63,190,4,12,3,9,25,76
1250,SP,14,20,2,4,8,13,4,7,2,2,3,5
1272,AUS,273,391,24,34,34,49,13,19,0,0,27,39
1277,US,217,217,11,11,194,194,52,52,11,11,17,17
1291,SP,91,61,5,4,73,48,7,5,7,5,27,18
1307,SP,12,15,2,3,3,5,3,5,1,2,5,7
1321,CA,11,11,1,1,9,9,0,0,1,1,6,6
1324,IND,12,12,2,2,11,11,2,2,10,10,11,11
1328,SA,80,181,13,29,44,100,17,38,15,33,41,92
1331,AUS,5,7,2,4,8,12,12,18,0,1,1,2
1340,SP,174,377,43,94,250,542,57,122,33,70,10,23
1343,US,210,158,14,10,39,29,22,16,0,0,50,38
1349,IND,43,43,4,4,12,12,1,1,2,2,14,14
1351,SP,337,625,4,8,68,126,6,10,8,16,4,8
1357,GER,245,611,17,42,139,348,17,41,8,21,21,52
1361,SP,293,783,19,49,28,75,8,21,25,66,19,49
1362,GER,17,17,44,44,32,32,88,88,8,8,37,37
1371,AUS,22,101,30,134,48,218,41,186,5,25,32,142
1377,SA,81,101,2,2,15,18,0,0,0,0,29,37
1378,SA,153,131,9,7,86,74,45,39,9,7,72,62
1379,SA,77,77,1,1,23,23,10,10,2,2,8,8
1381,SP,94,78,2,1,63,52,9,7,0,0,10,8
1384,US,3,3,2,2,7,7,4,4,4,4,11,11
1386,AUS,3,7,0,0,0,1,0,0,0,0,0,0
1388,AUS,2,4,4,6,8,13,8,11,6,8,17,25
1399,SP,102,305,29,86,111,334,45,136,41,124,51,152
1402,GER,198,298,14,22,184,276,76,113,24,36,5,7
1403,SP,2,6,1,3,4,11,1,2,1,4,1,2
1404,SA,32,19,14,9,51,31,21,12,0,0,26,16
1406,SP,153,127,4,3,44,37,11,9,0,0,15,12
1407,GER,2,2,5,7,2,3,1,2,6,10,7,10
1409,US,158,113,2,1,16,11,23,16,4,3,58,41
1411,SP,68,136,11,23,68,136,57,115,51,102,58,115
1419,SP,7,11,2,4,6,9,5,7,3,5,7,10
1440,SP,184,184,9,9,121,121,52,52,94,94,116,116
1446,SA,129,258,23,45,190,379,30,59,15,30,23,45
1448,IND,7,14,4,8,4,8,0,0,1,2,1,2
1453,SP,301,434,16,24,75,108,21,31,8,12,12,18
1456,IND,120,145,90,109,138,165,106,128,4,5,77,93
1458,SP,4,4,2,2,10,10,2,2,2,2,4,4
1459,SP,333,333,18,18,62,62,35,35,4,4,13,13
1461,CA,7,10,0,1,5,7,1,2,0,1,2,2
1463,AUS,3,5,1,1,2,3,1,2,0,0,1,2
1473,CA,21,32,0,1,2,3,1,1,0,1,4,6
1490,CA,375,300,0,0,47,38,6,4,4,3,43,34
1491,CA,49,113,10,23,37,87,12,28,8,20,52,120
1497,SA,146,122,6,5,48,40,8,7,2,1,12,10
1502,SP,7,11,1,2,8,11,1,2,1,2,2,4
1503,SP,0,85,0,1,0,16,0,2,0,1,0,2
1506,SP,16,32,3,6,15,30,1,2,5,10,7,13
1509,SP,105,47,19,8,71,32,73,33,37,17,56,25
1513,SP,86,514,3,18,18,110,32,191,21,129,18,110
1515,CA,3,8,1,2,2,5,1,3,1,2,1,2
1517,SP,1,2,2,7,3,10,1,2,3,9,3,9
1518,SP,213,166,3,3,88,69,14,11,51,40,51,40
1519,SP,19,19,2,2,11,11,2,2,2,2,2,2
1523,SA,23,46,1,1,5,10,1,1,1,1,2,4
1524,SP,436,273,28,17,71,44,18,12,98,62,28,17
1542,US,116,231,0,0,12,23,1,3,1,2,2,5
1544,CA,212,529,19,49,197,492,64,160,19,49,29,74
1545,SP,70,50,11,8,120,86,15,10,11,8,32,23
1553,GER,398,568,69,99,277,395,101,145,43,62,52,74
1570,SP,273,391,4,5,99,141,21,29,8,11,23,34
1577,SP,279,279,40,40,311,311,104,104,88,88,48,48
1581,SP,1,1,0,0,3,5,1,1,1,1,1,2
1584,SA,105,66,4,3,105,66,15,10,12,7,55,34
1592,CA,243,304,44,55,361,451,67,84,36,46,15,18
1600,SA,159,133,2,1,42,35,5,5,2,1,14,12
1604,SP,46,138,1,2,5,14,2,6,2,6,1,3
1606,SA,1,2,0,1,3,5,1,3,1,2,1,2
1618,GER,321,256,0,0,36,28,0,0,0,0,28,23
1619,SP,117,175,20,31,392,589,90,134,9,14,7,10
1626,SA,5,10,0,0,3,5,1,3,1,1,7,13
1627,SP,146,262,22,39,39,70,17,31,44,78,15,26
1628,SA,245,109,15,6,215,96,116,51,52,23,22,10
1630,SP,54,108,17,33,33,67,18,37,10,20,9,18
1631,GER,475,415,34,29,156,136,0,0,13,12,6,6
1640,SP,13,53,0,0,3,13,0,0,1,5,4,16
1646,CA,1,3,2,7,3,9,3,8,1,2,2,6
1650,SP,229,550,25,61,158,379,10,24,20,49,41,97
1655,AUS,4,12,1,2,4,11,1,2,0,1,3,8
1663,SP,10,10,1,1,7,7,2,2,0,0,5,5
1665,SA,365,1094,0,0,15,46,0,0,4,11,54,161
1672,SA,78,126,3,4,57,92,8,12,6,9,25,41
1676,SP,95,118,1,1,20,24,0,0,1,1,2,3
1685,CA,187,609,3,11,139,451,9,29,10,34,0,0
1710,SP,92,62,12,8,40,26,0,0,7,5,16,11
1715,AUS,4,5,2,2,7,11,3,4,2,3,2,3
1717,SA,44,36,8,7,52,41,11,9,7,6,29,23
1726,SP,1,2,3,6,5,10,4,9,1,1,13,26
1729,SP,241,802,6,18,22,75,7,25,6,18,36,121
1734,SA,25,34,0,0,5,6,2,2,1,1,2,3
1740,SP,484,276,24,14,66,38,32,18,6,3,24,14
1743,SP,78,195,25,61,59,149,51,126,4,10,12,31
1744,SP,3,6,2,5,4,9,1,2,1,1,7,13
1745,SP,220,494,23,53,122,273,36,80,0,0,4,8
1755,SA,6,24,2,9,5,20,6,23,0,1,4,14
1763,CA,518,741,71,101,336,479,40,57,61,87,14,19
1764,SA,50,50,1,1,64,64,12,12,4,4,5,5
1772,CA,448,627,15,22,216,302,80,113,38,54,54,75
1773,SA,2,3,2,4,6,9,4,7,3,4,5,8
1777,SP,1,1,1,1,4,7,16,25,3,4,4,7
1802,SP,82,330,1,4,24,95,8,30,6,23,15,62
1818,CA,13,13,0,0,4,4,0,0,1,1,2,2
1826,SP,76,113,42,62,152,227,44,67,76,113,87,131
1829,SP,795,353,0,0,42,18,0,0,0,0,17,7
1833,SP,23,45,3,5,6,12,6,13,3,5,4,8
1834,SA,12,18,2,3,9,14,2,2,0,1,2,2
1839,IND,24,32,3,4,21,27,4,6,1,1,8,10
1857,SP,23,23,0,0,6,6,0,0,1,1,12,12
1859,GER,421,300,65,46,540,385,57,40,11,8,11,8
1867,SP,391,261,29,19,210,140,56,38,50,34,65,43
1876,IND,6,26,0,0,2,6,5,18,1,3,4,14
1878,SP,2,2,2,4,3,5,2,4,1,2,4,6
1880,IND,32,49,0,0,2,4,0,0,0,0,2,4
1890,SP,4,7,0,1,1,3,1,1,0,0,2,5
1891,SP,296,371,22,28,378,472,9,12,37,46,37,46
1907,SP,454,511,32,37,131,148,25,29,19,22,32,37
1911,GER,285,310,46,51,139,152,61,66,64,69,58,63
1915,GER,454,340,66,49,139,104,86,64,0,0,117,88
1916,GER,101,87,2,1,97,83,11,9,2,1,23,20
1920,SP,22,22,2,2,11,11,3,3,0,0,14,14
1921,SP,18,28,0,1,5,7,1,2,0,0,4,5
1927,GER,177,222,12,15,71,88,26,32,4,4,17,22
1928,SA,14,21,1,2,8,12,2,2,0,1,8,12
1940,AUS,0,1,1,2,1,3,1,1,1,1,2,4
1945,SP,356,356,18,18,109,109,86,86,48,48,84,84
1951,SP,132,96,71,51,71,51,120,88,75,54,17,13
1958,SP,274,308,0,0,31,34,0,0,0,0,6,7
1964,SP,203,243,49,58,349,419,15,18,89,107,24,29
1966,AUS,257,428,38,63,300,501,8,13,25,41,0,0
1968,SA,2,3,0,1,2,3,3,7,0,0,2,5
1970,SP,32,32,0,0,11,11,4,4,0,0,6,6
1987,SP,0,1,4,6,4,7,8,11,1,2,6,9
1990,SP,263,702,9,25,160,426,24,65,23,63,10,27
1991,SP,31,47,0,0,4,7,0,0,0,0,3,4
1992,SP,104,418,0,0,51,206,6,26,3,13,13,53
1993,US,158,709,0,0,16,70,0,0,0,0,3,16
1998,IND,14,20,2,4,8,13,4,7,2,2,3,5
2002,SP,294,294,26,26,466,466,90,90,17,17,43,43
2004,SP,275,344,24,30,116,144,56,71,24,30,24,30
2005,CA,7,15,1,2,10,20,0,0,2,3,5,10
2008,SA,114,258,7,16,118,266,77,173,4,8,33,75
2021,SP,178,385,24,52,121,263,27,57,61,131,28,61
2036,IND,81,162,4,7,40,79,3,7,1,2,5,10
2055,SP,5,10,0,0,3,5,1,3,1,1,7,13
2061,SP,26,52,0,0,4,7,0,0,0,0,3,7
2066,SP,28,42,0,0,4,7,1,1,3,5,9,14
2072,CA,276,620,3,7,31,70,4,9,3,7,10,24
2075,SA,113,264,3,7,162,378,24,56,9,21,3,7
2079,US,150,300,9,17,178,357,24,49,33,65,9,17
2088,GER,293,704,4,11,122,292,29,70,9,21,22,54
2098,SP,4,7,0,0,2,3,0,0,0,0,0,1
2106,SP,0,0,2,5,1,2,2,5,2,5,3,9
2109,SP,168,280,27,44,357,594,15,25,6,11,6,11
2114,US,371,635,8,14,42,73,22,37,25,43,17,28
2115,GER,11,43,0,0,2,8,0,0,0,0,0,2
2118,SP,77,89,35,40,45,51,56,63,50,57,28,31
2125,US,53,141,17,44,131,349,61,164,31,81,8,22
2130,SA,18,18,2,2,34,34,5,5,4,4,12,12
2131,SP,638,425,53,36,61,41,10,6,7,5,15,10
2134,SA,101,162,2,3,90,143,27,42,16,25,32,51
2139,AUS,1,2,0,1,4,6,1,2,1,1,5,7
2147,SP,196,540,17,46,252,694,58,161,50,139,34,92
2150,CA,573,287,19,9,273,136,49,24,37,19,37,19
2154,SP,6,9,0,0,5,7,3,4,1,2,3,4
2156,SP,9,18,0,0,3,7,0,0,0,0,1,3
2157,CA,5,10,3,5,5,11,4,7,2,3,7,15
2162,SP,59,197,8,26,24,79,21,69,7,22,11,38
2166,SA,0,12,0,1,0,3,0,0,0,0,0,7
2173,SP,3,10,2,5,2,5,0,0,1,2,1,2
2174,US,4,7,0,1,2,4,1,1,0,1,2,4
2176,SA,554,664,7,9,124,148,47,57,0,0,36,44
2181,SP,106,247,18,43,226,527,12,28,14,32,8,19
2186,SP,426,512,65,77,343,411,72,87,37,44,83,100
2202,SP,9,35,0,2,2,9,0,2,1,2,1,6
2217,IND,0,11,0,1,0,2,0,2,0,1,0,6
2223,SP,608,608,17,17,125,125,32,32,58,58,75,75
2225,AUS,185,325,44,76,200,350,57,99,15,25,88,153
2227,SA,17,28,18,29,20,33,8,13,8,13,9,16
2230,GER,14,14,1,1,7,7,0,0,0,0,0,0
2245,SP,19,38,1,1,17,34,1,3,1,1,8,15
2246,SP,14,29,4,8,8,15,10,19,5,10,20,41
2253,SP,6,26,0,0,2,6,5,18,1,3,4,14
2254,AUS,403,224,77,43,266,148,78,43,51,29,60,33
2256,SP,4,13,0,0,1,2,0,0,0,0,0,1
2258,SP,2,6,1,3,4,11,2,5,2,5,1,2
2261,GER,1,3,0,1,2,3,1,1,0,0,1,3
2262,SA,110,92,3,2,40,34,6,5,3,2,8,6
2276,SP,115,315,4,12,86,236,11,32,6,18,9,24
2278,US,2,2,7,10,8,11,12,18,10,14,16,23
2281,GER,1,3,1,2,2,5,0,0,1,2,4,7
2285,SA,107,107,5,5,38,38,2,2,2,2,15,15
2286,CA,26,38,0,1,8,13,0,0,0,1,11,16
2292,SP,1,4,1,3,2,6,1,2,0,0,1,4
2295,SA,150,389,8,22,26,66,22,58,13,33,11,27
2296,SP,1,2,1,1,4,7,1,1,1,1,3,7
2304,SA,208,417,2,5,33,66,3,7,7,15,2,5
2308,SP,60,50,3,2,75,62,14,12,13,10,16,13
2315,SP,3,7,0,0,4,7,6,11,10,19,10,19
2320,SP,329,179,7,4,38,21,15,8,3,2,19,10
2324,SP,243,382,15,23,94,148,19,31,13,21,30,46
2326,SP,6,26,0,0,2,6,5,18,1,3,4,14
2337,SP,5,5,1,1,12,12,1,1,1,1,1,1
2345,AUS,196,391,18,36,116,232,24,47,18,36,43,87
2350,CA,170,453,14,39,49,129,6,17,5,12,36,97
2371,GER,13,26,0,1,7,15,1,2,1,3,4,8
2375,SP,0,8,0,0,0,5,0,0,0,3,0,6
2379,SA,292,486,17,28,187,312,36,59,27,46,55,91
2387,SA,98,79,1,1,39,32,2,1,1,1,11,9
2392,SP,22,22,2,2,11,11,3,3,0,0,14,14
2404,US,96,77,2,2,17,13,2,1,3,3,23,18
2406,AUS,161,215,2,2,40,54,5,7,4,5,10,14
2407,US,380,443,12,13,212,247,57,67,13,16,44,51
2408,IND,214,276,0,0,81,104,4,6,12,16,9,12
2410,SP,99,265,11,29,116,309,43,115,16,44,14,36
2415,SP,181,181,9,9,199,199,40,40,18,18,31,31
2416,SP,143,646,5,20,76,344,3,13,7,31,0,0
2426,SP,134,349,21,53,32,82,47,122,10,27,5,13
2428,GER,1,2,6,12,9,17,4,7,3,5,4,8
2429,CA,204,327,27,42,115,185,58,92,53,85,58,92
2431,SP,5,7,2,2,8,11,5,7,2,4,6,8
2445,SP,15,23,0,1,10,14,0,0,0,0,0,0
2447,IND,2,2,5,7,6,9,8,11,3,4,5,7
2452,SP,100,100,17,17,30,30,4,4,2,2,8,8
2453,SP,155,371,8,20,40,95,3,7,6,15,29,70
2456,SA,23,57,1,3,13,33,0,0,5,12,1,1
2457,SP,2,6,1,3,1,4,4,11,1,2,3,8
2461,CA,7,20,0,1,3,8,0,0,0,1,1,3
2471,SA,16,32,19,39,23,45,5,11,22,44,14,29
2478,SP,0,2,0,2,1,3,3,10,3,10,1,3
2488,SP,9,14,0,1,10,15,0,0,3,5,3,4
2493,GER,166,190,0,0,50,57,9,10,4,5,55,62
2495,SP,62,155,11,27,100,250,32,79,24,61,4,11
2499,SP,68,136,32,65,32,65,7,14,39,79,9,17
2516,SP,7,15,1,1,3,7,2,4,1,3,11,23
2518,GER,0,5,0,4,0,5,0,4,0,2,0,10
2521,SP,8,15,0,1,4,9,1,1,1,1,6,12
2525,CA,55,98,23,41,44,79,41,75,23,41,5,9
2532,SP,246,737,18,55,88,263,14,42,4,11,44,131
2534,AUS,55,42,1,0,23,18,3,3,1,1,23,18
2535,SP,70,93,0,0,206,274,0,0,54,72,32,43
2541,SP,6,8,3,4,4,7,4,7,0,0,2,3
2544,IND,10,40,0,1,5,22,1,5,1,6,0,1
2546,SP,5,18,1,3,1,4,2,8,1,4,5,18
2549,SP,4,13,0,0,2,7,0,0,0,0,0,1
2552,SP,208,208,0,0,13,13,0,0,0,0,2,2
2557,SP,2,5,0,1,2,4,1,2,0,1,4,7
2561,GER,244,733,3,9,63,190,4,12,3,9,25,76
2563,IND,0,1,4,5,3,4,1,1,6,8,4,6
2564,SP,48,63,1,2,12,16,1,1,3,3,6,9
2565,SA,290,726,3,9,61,154,5,11,3,9,18,45
2569,US,1,2,4,11,4,13,2,5,0,1,1,4
2570,SP,406,285,4,3,36,25,6,4,0,0,27,19
2574,SP,450,600,5,7,62,82,0,0,0,0,10,14
2579,SP,198,297,13,20,102,153,4,7,13,20,3,5
2587,AUS,6,8,0,0,2,4,0,0,0,0,0,0
2589,AUS,10,15,1,2,6,10,3,5,2,3,1,1
2591,US,316,210,21,14,128,86,41,28,32,21,21,14
2607,SP,212,212,9,9,59,59,4,4,12,12,21,21
2611,SA,172,1034,8,47,64,381,24,144,3,15,3,15
2612,SA,278,476,59,101,230,395,23,40,12,20,18,30
2613,SP,23,139,1,5,5,32,1,5,2,11,2,11
2620,SA,5,9,0,0,1,1,0,0,0,0,2,5
2625,SA,47,109,9,20,17,39,9,21,10,22,14,33
2631,SP,90,269,27,81,103,310,35,106,24,73,8,24
2632,IND,165,132,0,0,21,17,7,6,0,0,84,68
2634,SP,2,3,3,4,12,19,6,9,2,2,3,4
2639,SA,11,8,3,2,7,5,6,4,2,1,11,8
2656,CA,8,15,0,1,2,5,0,0,1,3,8,16
2661,SA,4,8,1,3,1,1,3,7,2,4,3,7
2666,CA,219,300,21,29,70,97,55,75,0,0,17,24
2669,SP,170,205,69,83,152,183,42,51,41,50,37,44
2674,US,272,272,5,5,103,103,80,80,72,72,41,41
2677,SA,24,48,8,16,23,45,22,43,1,3,3,5
2678,AUS,33,20,8,5,31,19,3,2,23,14,34,21
2681,SP,9,62,3,19,15,97,18,120,12,77,4,25
2683,CA,98,197,35,71,90,181,25,50,33,65,22,43
2686,AUS,0,0,0,1,1,3,5,10,0,1,2,3
2694,SP,5,16,0,0,1,2,0,0,0,0,0,0
2698,US,139,115,4,3,59,49,11,9,0,0,14,12
2711,CA,2,7,0,1,1,4,1,3,1,4,2,5
2712,AUS,69,115,67,111,67,111,39,64,15,24,12,21
2715,CA,42,28,2,1,22,15,2,2,1,1,38,26
2724,SP,0,12,0,0,0,1,0,0,0,0,0,6
2727,SA,60,121,7,14,23,46,13,26,1,2,32,64
2730,CA,124,412,3,8,89,298,34,115,21,70,13,44
2736,IND,114,252,39,85,49,107,22,49,24,54,17,37
2740,SP,21,41,0,1,5,11,1,2,1,1,2,4
2747,SP,384,480,60,74,341,427,67,83,17,21,76,96
2781,SA,401,602,14,20,214,322,54,80,20,31,14,20
2782,SP,162,190,0,0,12,15,5,5,0,0,7,8
2793,SA,186,346,31,57,59,109,24,45,15,29,47,86
2795,CA,2,3,0,0,1,2,0,0,0,0,2,3
2797,SP,354,354,10,10,86,86,33,33,30,30,25,25
2798,SA,314,449,12,17,57,81,31,45,72,104,24,34
2802,AUS,71,125,9,16,221,386,24,43,6,11,18,31
2804,IND,34,23,0,0,16,11,0,0,0,0,22,14
2807,SP,350,306,20,18,86,75,33,29,25,22,20,17
2811,SP,10,42,0,0,2,7,0,0,0,0,0,1
2814,SA,2,7,0,1,1,4,1,3,1,4,2,5
2815,SP,4,3,3,2,22,17,10,7,9,6,21,16
2826,SP,10,15,0,0,3,5,1,1,0,0,1,1
2829,CA,331,295,0,0,37,33,0,0,4,3,15,13
2831,SP,187,266,16,22,115,164,77,111,16,22,75,108
2836,GER,3,7,0,1,2,5,0,0,0,0,0,1
2849,CA,120,145,90,109,138,165,106,128,4,5,77,93
2853,CA,30,30,26,26,44,44,3,3,10,10,26,26
2861,SP,3,6,0,1,2,4,1,2,0,0,1,3
2868,US,8,12,0,1,11,17,1,2,1,2,1,1
2870,SP,188,188,0,0,19,19,6,6,4,4,35,35
2874,SA,2,5,1,3,2,5,1,3,1,2,2,6
2875,SP,83,361,8,36,72,310,2,9,2,7,3,14
2877,SA,191,219,0,0,28,31,9,10,4,5,21,23
2878,SP,59,103,11,20,46,81,3,5,6,11,25,44
2882,SA,178,533,7,21,36,107,12,37,5,14,12,35
2886,SP,561,561,0,0,36,36,0,0,6,6,6,6
2891,US,397,198,15,8,82,41,7,3,15,8,103,51
2894,SP,498,569,64,74,350,400,0,0,9,10,18,21
2895,IND,39,65,0,1,20,34,5,8,3,6,5,9
2909,GER,534,400,14,10,131,99,9,7,14,10,21,15
2918,SP,15,29,2,3,6,13,0,0,1,3,6,13
2920,ME,158,631,0,0,28,114,2,10,2,7,8,30
2926,SA,266,975,0,0,17,63,0,0,3,10,9,31
2928,SP,158,631,0,0,28,114,2,10,2,7,8,30
2929,SP,6,12,14,28,8,16,5,10,7,13,6,12
2930,SA,142,710,10,50,35,173,13,65,6,30,8,40
2931,SP,295,442,8,13,42,64,22,33,25,38,84,126
2936,SA,5,14,0,0,1,3,0,0,0,0,0,1
2937,CA,289,325,8,8,62,70,20,23,16,17,16,17
2939,CA,376,376,64,64,344,344,10,10,8,8,16,16
2942,SP,169,136,2,1,15,12,2,2,2,1,80,64
2945,CA,10,29,0,0,1,2,0,0,0,0,2,5
2948,CA,30,74,3,9,14,34,1,3,3,9,1,4
2952,SP,15,15,2,2,15,15,2,2,1,1,5,5
2958,SP,6,13,1,2,3,7,4,7,3,5,2,4
2961,SP,105,70,6,4,66,44,32,22,4,2,16,11
2963,AUS,405,304,53,40,214,160,59,45,46,34,46,34
2964,CA,1,2,3,7,3,5,1,2,5,11,11,21
2968,AUS,255,182,5,3,120,86,93,67,29,20,25,18
2975,SP,287,430,17,25,346,518,88,131,12,18,34,50
2980,CA,6,6,0,0,7,7,2,2,1,1,2,2
2986,CA,2,5,1,1,1,3,1,1,0,1,1,3
2995,SP,73,218,3,8,172,517,21,63,3,8,0,0
3005,SP,177,353,39,78,226,452,45,89,15,29,49,98
3006,CA,4,13,0,0,4,11,2,5,1,2,1,2
3007,IND,7,20,1,2,3,8,0,0,0,0,0,1
3009,SP,665,797,7,9,58,70,0,0,0,0,73,87
3010,SP,319,638,51,102,204,408,33,66,32,63,51,102
3011,SA,38,48,5,7,33,42,15,18,7,8,3,3
3025,CA,116,96,3,3,38,31,2,2,7,5,2,1
3032,SP,14,14,17,17,31,31,6,6,7,7,22,22
3033,AUS,45,67,7,10,18,26,14,20,9,13,36,53
3037,CA,56,79,19,27,38,54,27,38,25,36,5,6
3050,SP,62,123,0,0,9,19,1,2,1,1,6,11
3056,SA,323,264,24,19,185,152,23,19,48,39,30,24
3066,SA,84,84,0,0,22,22,3,3,1,1,7,7
3068,SP,0,1,5,7,4,5,0,0,6,8,3,4
3074,SP,677,541,59,48,169,135,13,10,79,64,18,15
3075,SP,39,91,9,21,50,118,6,14,10,24,0,0
3076,AUS,113,339,5,14,26,77,4,12,5,14,2,5
3081,SP,2,5,1,1,2,4,1,1,0,0,1,2
3083,SP,117,98,7,6,47,40,9,8,9,8,13,11
3091,SA,159,181,10,11,63,71,120,138,7,7,26,30
3099,SP,102,81,3,2,36,29,2,1,3,2,27,22
3102,CA,1,2,1,2,3,9,1,2,1,4,2,5
3104,GER,244,586,17,42,285,683,15,36,23,56,6,13
3107,AUS,44,77,9,15,45,79,9,15,5,10,15,27
3112,SP,1,2,1,3,2,7,0,0,1,3,1,4
3120,CA,2,4,0,1,3,7,0,0,0,1,1,3
3129,SP,2,3,1,2,4,7,5,7,2,3,4,5
3130,SP,4,8,1,3,1,1,3,7,2,4,3,7
3136,SP,99,218,8,17,83,182,8,17,6,13,4,8
3138,SP,713,611,15,12,64,55,38,33,58,50,15,12
3139,SA,249,622,32,79,201,503,41,104,16,39,47,119
3152,IND,6,9,4,6,8,11,3,5,7,10,8,12
3153,SA,4,7,0,0,1,3,0,0,0,0,1,1
3158,SP,3,10,1,2,2,5,2,5,1,4,2,5
3170,SP,156,233,26,40,163,245,15,22,23,34,34,51
3174,SP,829,663,21,17,159,128,28,22,32,25,18,15
3179,SP,115,134,71,82,434,506,27,31,62,72,18,20
3182,IND,60,36,1,0,49,30,4,3,1,0,49,30
3194,CA,118,294,3,9,156,390,22,56,52,130,0,0
3197,SP,118,157,25,34,46,61,30,39,43,58,25,34
3202,SA,333,833,0,0,14,34,0,0,0,0,10,26
3220,GER,12,17,5,7,25,34,8,11,0,1,15,21
3225,SP,52,64,5,6,32,40,1,2,8,9,20,26
3231,US,1,4,1,3,3,8,1,2,1,2,2,5
3233,SA,219,343,8,13,180,284,11,17,4,6,12,20
3254,SP,226,181,39,31,133,106,57,46,49,39,29,24
3262,SP,133,862,15,97,56,361,6,36,6,42,5,36
3265,SP,5,16,0,1,2,7,2,5,1,2,1,4
3266,CA,3,11,7,29,2,9,1,2,5,21,7,28
3267,CA,264,264,0,0,11,11,0,0,0,0,30,30
3270,SA,6,6,12,12,19,19,15,15,9,9,4,4
3276,SA,6,6,6,6,18,18,2,2,3,3,6,6
3277,SP,128,91,2,1,58,42,15,11,0,0,10,7
3281,SP,69,137,3,7,22,45,10,20,9,18,24,47
3283,SP,67,133,64,129,33,67,15,31,62,123,62,123
3286,SP,5,8,1,1,6,9,1,1,1,1,3,5
3298,SA,428,428,0,0,38,38,6,6,5,5,100,100
3308,SA,10,20,3,6,4,8,1,1,4,7,10,20
3310,SP,37,37,2,2,45,45,6,6,1,1,16,16
3312,IND,2,3,3,4,10,14,8,11,6,8,9,11
3321,CA,211,211,3,3,45,45,0,0,8,8,5,5
3332,GER,27,37,2,2,29,39,3,4,2,3,7,10
3334,SP,314,565,51,92,285,512,38,68,51,92,51,92
3336,AUS,203,509,0,0,13,32,0,0,0,0,55,136
3340,CA,131,113,8,7,58,50,2,2,8,7,27,23
3363,SP,0,0,2,5,1,2,2,5,2,5,3,9
3376,SP,42,83,2,4,24,49,3,5,1,3,6,13
3381,CA,23,47,0,0,5,11,0,0,0,0,1,3
3386,SP,11,23,1,3,22,44,1,2,3,7,7,13
3388,GER,70,59,14,12,37,30,2,1,37,30,1,1
3389,SP,277,449,20,33,138,225,47,76,41,66,61,100
3403,SP,167,1003,3,16,85,509,14,85,11,65,19,115
3406,SA,41,97,10,23,26,61,8,20,7,17,4,8
3409,SA,90,51,5,3,82,47,2,1,7,4,30,17
3412,SP,148,667,1,7,10,43,2,9,0,0,13,57
3421,AUS,318,318,8,8,50,50,10,10,4,4,66,66
3422,GER,372,743,4,8,43,85,11,22,4,8,25,51
3426,SP,290,755,17,44,94,244,17,43,13,33,13,33
3427,SA,384,245,0,0,43,27,0,0,0,0,21,14
3428,SP,263,656,0,0,144,361,28,71,9,21,13,32
3433,SP,195,195,11,11,162,162,52,52,18,18,54,54
3434,SP,138,345,21,51,162,405,27,67,3,9,31,77
3436,SP,3,8,0,0,1,4,1,2,0,1,0,1
3439,SP,70,87,3,3,17,22,3,3,6,7,33,42
3445,SA,89,127,67,95,92,132,42,59,38,54,67,95
3463,IND,236,438,22,40,47,87,0,0,9,17,3,5
3469,SP,10,10,9,9,17,17,12,12,1,1,4,4
3478,CA,117,150,18,24,135,174,24,31,18,24,9,12
3479,CA,2,2,3,5,4,7,5,7,1,1,5,8
3483,CA,148,891,6,37,29,175,22,131,8,50,4,25
3491,US,222,162,35,25,211,153,69,50,58,43,134,98
3498,SP,202,260,27,34,81,104,4,6,23,30,47,60
3503,SA,116,139,21,26,260,313,24,28,15,17,7,8
3507,US,193,483,46,115,122,304,60,150,13,31,17,41
3515,SP,44,44,7,7,17,17,5,5,3,3,5,5
3517,SP,25,25,2,2,22,22,5,5,5,5,22,22
3518,IND,3,7,0,1,6,12,3,7,1,3,2,5
3520,CA,59,103,10,18,297,521,0,0,10,18,20,36
3523,SP,224,359,13,21,119,190,0,0,8,14,48,77
3524,SP,57,23,1,0,43,17,3,1,4,2,11,5
3525,SP,4,8,0,0,1,3,0,0,0,0,0,1
3526,SP,8,24,0,0,1,4,0,0,0,0,0,1
3535,SP,112,139,48,60,148,186,29,36,41,51,52,65
3536,IND,2,5,3,8,1,2,3,8,1,3,5,15
3537,SP,13,18,1,2,13,18,1,1,3,5,2,2
3547,SA,6,8,3,4,4,5,2,4,6,10,5,7
3551,SP,18,44,0,1,16,41,5,14,3,8,14,34
3559,IND,5,7,4,7,4,6,1,2,5,7,4,5
3560,GER,240,661,8,23,92,253,20,55,8,23,51,140
3565,SP,28,28,0,0,7,7,0,0,0,0,1,1
3570,SA,71,88,1,1,23,28,3,3,1,1,11,13
3571,SP,565,353,13,8,73,45,8,5,6,4,13,8
3578,SP,41,81,7,14,14,29,8,17,3,7,5,10
3584,CA,591,591,13,13,60,60,9,9,7,7,20,20
3594,CA,254,285,3,3,43,48,4,4,3,3,46,51
3595,SP,210,421,14,29,80,159,43,85,25,51,7,14
3598,SP,110,331,9,26,21,62,2,5,7,22,3,8
3599,SP,288,288,40,40,214,214,104,104,47,47,40,40
3602,SP,60,80,1,2,12,17,2,2,2,3,6,8
3619,AUS,133,212,10,15,193,308,24,39,53,85,31,49
3623,IND,2,2,0,0,9,7,10,7,2,2,2,2
3628,SP,2,2,4,4,6,6,10,10,6,6,13,13
3629,CA,38,38,2,2,16,16,2,2,2,2,14,14
3635,SA,211,281,0,0,16,21,3,4,0,0,18,24
3641,SP,4,6,1,1,6,9,1,1,0,1,2,4
3643,CA,300,450,3,5,50,75,4,7,3,5,10,16
3645,SP,6,13,1,2,9,17,3,7,3,6,1,2
3657,SP,47,47,1,1,17,17,7,7,6,6,6,6
3661,IND,198,396,17,34,210,421,24,48,18,37,11,21
3665,SP,1,1,5,5,4,4,6,6,2,2,11,11
3667,GER,328,450,75,103,290,399,17,24,11,16,19,25
3673,SA,144,227,7,10,93,145,9,14,9,15,41,65
3678,SP,260,228,12,11,38,33,8,7,0,0,31,28
3690,SP,488,696,42,60,277,396,21,31,16,24,16,24
3696,SP,11,16,0,1,5,7,1,1,0,0,4,6
3697,CA,30,39,3,5,11,15,5,7,3,4,5,7
3698,SP,272,545,62,123,229,458,48,97,18,37,80,161
3706,SP,10,10,4,4,15,15,0,0,6,6,13,13
3710,SP,10,10,0,0,18,18,3,3,2,2,9,9
3711,SP,388,647,50,84,251,419,9,16,14,24,0,0
3712,IND,71,141,2,3,11,22,2,5,0,0,1,1
3717,SP,183,220,11,13,13,16,3,3,11,13,99,119
3722,SP,12,19,0,1,3,5,0,0,0,0,3,5
3725,SP,227,1021,3,13,63,286,8,35,3,13,3,13
3726,SA,1,3,0,1,3,6,1,2,0,0,0,0
3732,CA,140,253,0,0,85,154,32,58,25,44,25,44
3745,IND,3,3,18,18,4,4,0,0,5,5,23,23
3749,CA,209,418,30,61,199,398,53,106,30,61,5,10
3759,SP,289,454,7,12,70,111,5,7,0,0,78,122
3762,SA,53,143,0,0,140,372,9,24,35,95,15,39
3766,SP,53,47,38,33,129,114,57,51,50,44,116,103
3767,SP,111,267,0,0,56,133,29,68,51,121,51,121
3783,SA,35,70,0,0,3,7,0,0,0,1,0,0
3790,SA,3,5,0,1,2,3,0,0,0,0,0,1
3798,SP,10,14,1,1,9,14,0,0,3,5,10,14
3799,US,123,193,14,21,125,197,18,28,3,4,56,87
3807,SP,237,237,11,11,88,88,10,10,11,11,28,28
3828,SP,187,346,4,7,76,141,69,129,61,113,68,127
3829,SA,0,1,1,2,2,5,3,8,0,0,2,7
3830,CA,107,188,8,13,28,50,14,25,5,8,5,8
3834,US,97,134,68,93,91,124,72,99,13,17,22,31
3839,SP,2,4,5,7,1,2,8,13,2,4,16,24
3846,SP,115,77,3,2,32,21,0,0,3,2,9,6
3850,IND,1,2,1,2,1,2,4,11,1,3,4,11
3852,IND,216,289,31,41,116,154,15,21,12,15,23,31
3855,CA,18,12,2,1,28,19,11,8,13,8,25,17
3856,SP,134,437,12,38,33,109,8,25,12,38,37,122
3859,SA,168,242,46,66,172,248,0,0,34,48,29,42
3865,CA,1,1,7,5,6,4,4,2,8,5,18,12
3867,SP,168,242,46,66,172,248,0,0,34,48,29,42
3870,GER,126,233,12,23,110,204,33,60,41,75,31,58
3878,SP,1,2,1,3,2,5,4,11,2,6,3,8
3885,SP,5,11,1,1,6,12,1,2,0,0,8,16
3887,IND,1,2,7,10,10,16,8,12,0,1,16,23
3896,SP,6,17,0,1,3,8,0,0,0,1,1,2
3900,CA,321,321,7,7,25,25,0,0,4,4,29,29
3910,SP,359,538,64,97,172,258,74,112,64,97,11,16
3916,SP,235,404,3,5,61,105,4,7,3,5,21,37
3919,CA,369,591,0,0,340,543,19,31,15,23,0,0
3921,SP,12,12,1,1,54,54,15,15,15,15,7,7
3924,SA,320,481,0,0,32,48,0,0,0,0,14,21
3933,SA,116,70,23,14,146,88,54,32,45,27,30,18
3934,IND,166,190,0,0,50,57,9,10,4,5,55,62
3945,SP,453,165,32,12,158,57,0,0,12,5,26,10
3955,SA,0,0,0,0,0,0,0,0,0,0,0,0
3967,CA,44,287,26,171,23,147,8,50,20,132,5,30
3968,CA,439,479,5,5,62,67,6,7,0,0,62,67
3969,GER,18,18,2,2,9,9,4,4,3,3,32,32
3972,SP,155,111,4,3,30,21,5,3,4,3,37,27
3979,SP,421,561,7,10,288,384,10,13,15,19,22,29
4001,SA,250,156,0,0,18,12,0,0,0,0,5,3
4002,SP,171,292,35,61,123,210,62,106,20,33,4,6
4012,GER,466,333,7,5,219,156,9,7,7,5,7,5
4023,SP,10,6,10,7,11,8,12,8,13,8,13,9
4037,SA,1,2,0,1,1,2,3,5,0,0,2,3
4042,CA,46,46,2,2,26,26,1,1,1,1,16,16
4047,US,154,230,0,0,41,61,8,13,13,19,2,3
4050,CA,14,28,5,11,10,19,4,8,7,13,3,5
4055,SP,1,1,5,5,6,6,6,6,5,5,10,10
4058,SP,358,260,9,6,61,45,12,8,4,3,26,19
4065,SP,118,190,0,0,28,45,0,0,0,0,9,14
4066,SP,1,1,3,3,4,4,2,2,4,4,10,10
4070,CA,113,56,16,8,369,184,125,63,0,0,96,48
4073,GER,452,317,47,33,148,104,9,6,20,14,38,27
4084,CA,79,145,55,100,55,100,68,124,33,60,19,35
4086,GER,2,4,0,1,2,5,8,15,1,3,6,13
4088,SP,46,62,0,1,12,16,6,7,0,1,2,2
4093,CA,96,120,4,5,25,32,9,11,4,5,56,69
4094,AUS,101,101,1,1,22,22,2,2,3,3,18,18
4095,US,67,100,15,22,26,38,20,29,14,20,46,70
4096,US,56,56,10,10,11,11,8,8,7,7,3,3
4098,AUS,7,13,1,2,5,11,0,0,1,3,0,1
4099,SP,3,8,1,2,4,12,3,8,1,2,5,16
4102,SP,0,11,0,1,0,2,0,2,0,1,0,6
4107,SP,135,135,8,8,35,35,8,8,10,10,19,19
4114,AUS,205,445,12,25,246,534,9,18,53,114,10,22
4119,GER,45,67,7,10,18,26,14,20,9,13,36,53
4120,IND,53,35,23,16,47,31,35,23,8,5,56,37
4122,SP,302,202,14,9,70,47,107,72,17,11,26,18
4127,SP,502,502,30,30,133,133,58,58,30,30,14,14
4128,SA,259,259,6,6,27,27,8,8,3,3,60,60
4136,SP,6,4,10,7,11,7,5,3,16,10,24,16
4137,AUS,253,145,25,15,234,133,76,43,78,44,19,11
4138,SP,171,240,44,62,61,86,23,32,48,67,28,39
4141,US,189,237,22,27,56,71,49,62,9,12,19,23
4148,SP,75,89,11,13,47,56,5,7,1,2,19,23
4149,SP,266,320,30,36,297,356,8,9,0,0,12,14
4168,SP,89,142,3,4,53,84,2,2,6,9,15,24
4174,SP,32,65,0,1,6,13,1,1,0,0,4,7
4179,SP,2,6,2,7,2,7,1,2,1,4,6,17
4184,SP,71,118,1,1,11,18,1,2,1,1,15,25
4186,CA,7,11,2,4,6,9,5,7,3,5,7,10
4188,AUS,113,91,3,2,22,17,9,8,0,0,49,40
4198,SP,0,9,0,1,0,3,0,0,0,4,0,8
4200,SA,67,100,1,1,25,37,10,14,5,8,3,4
4201,IND,76,153,2,5,46,91,1,3,0,0,30,61
4207,SP,353,648,16,28,38,69,20,38,16,28,16,28
4211,CA,2,2,5,7,2,3,1,2,6,10,7,10
4216,SP,360,462,50,64,47,61,78,101,60,77,50,64
4220,CA,29,44,0,0,5,8,0,0,0,1,0,0
4227,SP,11,17,0,0,5,8,2,2,1,1,3,5
4240,SP,2,2,5,5,8,8,9,9,0,0,6,6
4246,SP,34,34,6,6,13,13,2,2,2,2,131,131
4248,SP,308,692,6,13,219,492,38,87,35,80,12,26
4252,SP,85,128,2,3,11,17,3,4,3,4,16,25
4259,IND,2,4,0,0,1,3,0,0,0,0,0,0
4261,SA,371,635,8,14,42,73,22,37,25,43,17,28
4268,US,55,74,0,0,9,12,0,0,0,1,3,4
4271,IND,18,28,14,21,28,41,34,50,16,25,26,40
4278,IND,569,341,69,42,453,272,31,18,46,28,34,21
4279,SP,4,11,1,3,3,8,1,2,1,3,5,14
4286,IND,312,268,3,3,31,27,4,4,0,0,15,12
4290,CA,0,1,1,2,3,5,1,1,2,3,2,3
4297,IND,5,8,1,1,7,11,2,4,0,1,0,0
4298,SP,2,3,0,0,1,3,0,0,0,0,0,1
4299,SP,688,313,12,5,393,179,64,29,86,39,12,5
4301,AUS,8,15,0,1,4,9,1,1,1,1,6,12
4303,CA,0,107,0,2,0,12,0,2,0,2,0,12
4310,AUS,254,254,47,47,260,260,121,121,20,20,13,13
4320,SP,108,217,28,55,100,200,29,57,19,39,30,61
4322,SP,252,629,11,27,91,228,5,11,7,18,3,9
4324,SP,125,110,0,0,125,110,10,9,2,2,102,89
4328,SP,2,3,0,1,3,4,7,10,6,8,4,7
4329,AUS,2,5,0,0,2,5,1,2,0,1,0,1
4331,SP,196,717,6,20,81,295,4,13,6,20,3,10
4333,IND,16,25,0,0,4,6,0,0,0,0,1,2
4338,SP,6,17,0,0,2,7,0,0,0,0,3,9
4339,AUS,206,496,5,12,44,107,0,0,2,6,10,25
4351,SP,6,12,1,1,3,7,0,0,0,0,8,17
4356,SP,459,765,11,18,53,88,0,0,5,9,63,105
4368,SP,18,24,3,4,18,25,9,11,5,7,4,6
4369,CA,80,160,22,45,167,333,66,133,0,0,54,109
4370,IND,6,12,0,1,11,21,2,4,1,2,9,19
4376,SP,4,6,10,14,6,9,5,8,0,1,12,18
4377,CA,178,76,7,3,31,13,21,9,7,3,159,68
4381,SP,54,109,1,1,13,27,3,5,4,7,4,7
4385,SP,12,12,0,0,8,8,0,0,1,1,4,4
4390,SA,135,324,4,11,50,121,42,100,7,16,9,22
4391,SA,318,318,8,8,50,50,10,10,4,4,66,66
4394,SP,336,806,9,20,73,176,11,27,9,20,4,10
4399,CA,167,291,29,52,129,227,39,67,18,32,15,25
4405,AUS,207,415,2,5,38,77,10,20,0,0,5,10
4406,CA,448,398,44,40,186,166,48,43,30,26,22,20
4415,SP,3,8,1,3,1,3,1,2,1,2,4,11
4418,CA,247,424,17,30,241,414,53,92,41,70,6,9
4426,US,198,169,2,2,27,24,3,3,2,2,51,44
4427,SP,158,378,8,19,174,416,11,27,31,76,20,47
4432,SP,1,1,1,2,8,12,2,4,4,7,4,5
4436,SP,6,12,14,28,8,16,5,10,7,13,6,12
4437,SP,42,70,2,4,35,58,1,2,3,6,14,24
4440,SA,291,218,0,0,15,12,0,0,0,0,6,4
4442,CA,5,26,3,16,6,29,4,22,2,12,9,43
4444,SP,4,7,0,0,6,10,3,4,2,4,8,13
4452,GER,146,146,3,3,19,19,0,0,2,2,17,17
4459,SP,3,8,1,3,4,11,1,3,1,3,0,1
4470,SP,21,41,0,1,15,29,2,4,2,3,7,15
4472,AUS,6,17,0,0,2,6,2,5,1,2,5,14
4475,SP,575,740,10,12,341,439,63,82,0,0,78,100
4477,GER,82,165,16,33,53,106,2,5,27,55,36,73
4478,IND,296,161,3,2,69,37,10,5,11,6,34,19
4480,SA,213,152,2,1,9,6,2,2,2,1,6,5
4483,SA,79,236,7,20,118,355,55,165,3,9,46,137
4487,SA,5,10,7,13,8,17,1,1,2,5,9,17
4491,SP,254,845,0,0,10,35,0,0,0,0,8,26
4500,SP,263,656,0,0,144,361,28,71,9,21,13,32
4501,SP,73,219,32,95,159,476,33,99,32,95,41,124
4507,SP,270,361,12,16,210,281,13,17,6,8,24,32
4508,GER,58,145,10,25,87,218,13,33,5,12,65,162
4518,CA,174,212,77,95,82,101,83,102,59,73,50,61
4530,GER,224,748,4,15,137,458,42,138,6,20,32,106
4541,CA,39,77,2,4,27,55,2,4,2,4,14,27
4543,SA,141,636,23,106,104,469,39,177,4,17,37,166
4547,SP,2,5,1,2,2,7,1,2,0,1,1,4
4548,CA,6,17,1,3,3,8,0,0,1,2,4,11
4550,SP,15,46,0,0,1,2,0,0,0,0,2,5
4552,SP,42,42,1,1,51,51,32,32,13,13,59,59
4554,SP,47,124,12,33,20,53,16,43,3,7,25,65
4557,SA,5,5,4,4,10,10,4,4,1,1,11,11
4580,SA,697,697,11,11,354,354,45,45,46,46,91,91
4587,SP,49,113,8,18,16,37,5,11,0,0,3,7
4597,SA,167,722,10,45,128,557,32,137,17,75,24,105
4599,CA,206,206,0,0,13,13,0,0,0,0,11,11
4603,SP,124,247,11,21,63,126,0,0,19,39,2,4
4607,SP,83,144,8,15,141,248,15,27,8,13,27,48
4608,SA,31,132,4,19,80,345,5,22,12,53,14,62
4609,SP,219,164,0,0,30,23,3,3,2,2,23,17
4611,SP,413,596,74,107,43,61,83,119,9,12,85,122
4619,SP,6,0,2,0,3,0,1,0,262,0,3,0
4637,SA,384,576,26,38,186,278,58,88,0,0,6,10
4640,SA,132,429,20,65,40,131,6,19,29,94,27,87
4643,AUS,3,5,11,15,20,26,16,22,4,5,21,28
4646,CA,61,146,8,18,131,316,22,53,0,0,66,157
4653,SA,56,75,0,0,7,9,1,1,0,1,17,22
4654,SA,214,357,5,8,196,327,24,39,23,38,9,15
4656,SA,244,98,23,9,164,66,24,10,23,9,29,11
4669,SA,2,2,8,11,4,5,12,16,11,14,7,10
4673,SP,669,335,8,4,97,48,21,11,8,4,24,12
4676,SP,324,288,48,43,275,245,137,121,57,50,57,50
4679,SP,266,455,0,0,56,96,44,75,18,32,18,32
4682,GER,20,79,5,22,20,82,6,22,10,38,1,5
4686,SP,272,589,10,21,176,382,20,42,30,65,25,54
4687,SP,169,506,23,69,184,552,10,29,0,0,23,69
4690,CA,222,222,5,5,38,38,0,0,5,5,24,24
4692,AUS,5,2,0,0,8,4,9,4,5,2,21,11
4697,SA,145,103,2,1,47,34,2,2,2,1,30,21
4698,SP,56,79,19,27,38,54,27,38,25,36,5,6
4702,SP,500,500,78,78,190,190,112,112,9,9,60,60
4706,CA,7,22,0,0,1,4,0,0,0,1,1,4
4712,SP,2,6,2,6,4,18,5,19,2,9,2,7
4713,SP,25,49,0,0,14,28,1,1,0,1,2,4
4725,SP,6,24,0,2,5,20,0,0,0,1,2,7
4741,SP,156,235,13,19,28,42,8,13,13,19,6,10
4743,US,290,399,3,5,70,97,5,6,3,5,37,51
4749,IND,210,158,14,10,39,29,22,16,0,0,50,38
4754,SP,10,20,4,7,11,22,4,9,2,4,10,19
4756,SP,68,108,11,18,318,500,0,0,13,20,44,68
4764,SA,19,26,5,7,22,30,11,14,9,13,6,7
4767,SP,293,342,53,61,117,137,61,71,70,82,35,41
4769,SP,261,195,2,2,14,10,0,0,0,0,5,4
4785,SA,184,336,2,5,54,100,7,12,0,0,5,9
4786,US,252,303,37,45,117,140,42,51,28,33,28,33
4789,IND,342,427,10,12,222,278,93,117,64,79,15,18
4790,SP,255,319,4,4,96,120,9,12,7,9,15,18
4791,AUS,5,14,0,1,4,13,1,2,0,0,1,2
4796,SP,5,14,3,8,1,2,1,2,1,4,0,0
4808,SP,0,1,1,1,2,3,2,4,0,0,1,2
4817,SP,1,2,1,1,2,5,0,0,1,3,1,1
4827,SP,47,107,7,15,62,140,12,27,9,21,2,6
4828,SA,36,36,50,50,139,139,93,93,61,61,19,19
4832,SP,3,3,3,3,9,9,2,2,12,12,23,23
4837,SP,287,466,16,27,86,140,26,43,4,6,78,126
4838,IND,2,3,0,1,3,5,0,0,0,0,0,1
4843,SA,58,145,10,25,87,218,13,33,5,12,65,162
4855,US,8,6,0,0,14,10,2,1,2,1,1,1
4856,IND,229,327,22,32,348,497,83,119,55,78,26,37
4860,SP,2,5,1,2,2,6,1,2,1,2,1,2
4864,CA,41,31,4,3,33,25,7,6,1,0,14,10
4865,AUS,88,141,3,4,54,86,4,6,1,2,4,7
4867,SP,25,33,0,0,8,10,1,1,0,0,4,6
4877,IND,9,26,0,0,2,5,0,0,0,0,0,0
4887,CA,4,6,2,3,11,17,4,7,0,1,3,5
4910,US,519,613,61,73,176,208,80,95,61,73,53,62
4915,GER,52,124,21,51,29,69,40,96,6,15,67,162
4927,SA,4,4,2,2,11,11,11,11,1,1,7,7
4931,SA,0,0,0,0,0,0,0,0,0,0,0,0
4937,SP,3,9,1,2,5,15,1,2,1,2,1,4
4939,US,34,50,2,3,15,23,60,90,5,7,11,17
4943,SP,251,1128,6,27,39,177,0,0,6,27,12,54
4944,SP,83,144,8,15,141,248,15,27,8,13,27,48
4945,SP,370,445,5,5,109,130,13,15,5,5,49,59
4947,SP,265,341,11,14,426,548,86,111,85,109,28,36
4954,SP,47,59,12,15,30,38,23,29,3,4,2,3
4961,SP,10,19,0,0,8,17,1,1,1,1,1,2
4964,CA,227,453,4,7,131,261,25,50,0,0,0,0
4967,SA,117,117,0,0,12,12,0,0,0,0,6,6
4971,SA,46,62,0,1,12,16,6,7,0,1,2,2
4973,CA,1,1,1,2,2,4,1,3,0,1,3,6
4974,US,133,300,27,62,200,450,5,11,31,71,31,71
4988,SA,4,15,1,5,4,16,0,0,1,4,2,10
4990,AUS,303,221,0,0,78,56,16,12,16,12,90,65
4992,SP,4,2,2,2,10,6,2,1,6,4,18,12
4994,SP,418,775,12,21,98,183,45,84,23,43,12,21
4998,SP,146,146,15,15,208,208,32,32,17,17,100,100
5010,SP,1,2,2,6,2,6,2,5,0,1,2,7
5011,SP,397,198,15,8,82,41,7,3,15,8,103,51
5012,SP,1,4,1,3,3,10,2,6,0,0,1,3
5015,SP,27,41,2,4,15,23,1,2,2,4,16,25
5025,SP,8,15,6,11,8,15,14,29,7,13,3,6
5029,SP,0,3,0,1,0,2,0,4,0,3,0,1
5031,SP,243,534,11,24,228,503,12,27,43,94,36,78
5036,SP,144,108,2,1,24,18,2,2,2,1,58,44
5043,SP,3,4,10,13,35,43,59,74,22,27,64,80
5046,SA,445,311,81,57,208,146,94,66,99,70,36,25
5048,SA,12,8,4,2,26,17,11,8,3,2,23,15
5049,SP,8,6,0,0,14,10,2,1,2,1,1,1
5057,SP,75,189,13,34,54,134,15,39,13,34,3,8
5062,SA,18,18,0,0,2,2,0,0,0,0,0,0
5063,SP,21,21,3,3,65,65,5,5,2,2,2,2
5067,SP,149,817,4,22,43,239,8,44,4,22,4,22
5068,SP,7,7,1,1,4,4,1,1,1,1,1,1
5074,CA,8,23,0,0,3,8,1,2,0,0,1,4
5077,CA,150,275,41,74,103,189,8,15,12,23,28,51
5080,ME,252,168,0,0,271,181,109,73,38,26,84,56
5081,SP,2,7,0,0,4,12,2,5,2,5,3,8
5084,SP,141,304,17,36,67,146,33,71,31,67,48,103
5092,SP,190,190,0,0,24,24,3,3,0,0,17,17
5093,SP,20,20,2,2,15,15,5,5,4,4,6,6
5107,SP,5,10,0,0,3,5,1,3,1,1,7,13
5113,SP,292,292,50,50,418,418,33,33,42,42,18,18
5114,AUS,335,335,5,5,125,125,0,0,14,14,5,5
5117,SP,21,42,50,101,46,91,51,102,6,13,18,35
5120,SA,181,217,44,52,203,244,100,120,44,52,15,17
5121,CA,279,200,3,2,48,34,4,3,10,7,100,71
5123,SP,15,22,5,7,9,14,3,5,4,7,21,31
5125,SP,89,244,0,0,217,598,34,95,11,31,8,21
5136,CA,346,308,4,3,49,43,0,0,8,7,16,14
5138,SP,5,14,0,1,4,11,1,2,1,2,1,3
5140,SP,262,785,0,0,35,105,17,50,10,29,38,115
5147,SP,182,592,16,54,28,90,43,139,44,143,22,71
5150,SP,0,0,2,2,3,4,4,7,4,6,6,9
5153,SP,502,502,30,30,133,133,58,58,30,30,14,14
5154,SP,10,16,1,2,5,8,1,1,4,6,0,0
5156,SP,43,86,43,86,86,173,56,112,40,81,28,55
5172,SP,221,517,0,0,70,162,4,9,6,14,15,35
5176,SA,2,5,2,5,3,10,2,5,2,5,4,11
5177,SA,149,149,4,4,34,34,2,2,0,0,10,10
5180,SP,64,64,0,0,8,8,0,0,1,1,2,2
5181,SP,1,1,1,3,1,1,0,0,4,7,2,3
5184,SP,1,3,1,1,4,7,1,1,0,0,1,3
5185,SA,88,111,29,37,140,175,43,54,77,97,18,23
5186,CA,252,324,3,4,50,65,8,11,3,4,3,4
5204,SP,234,146,60,38,451,282,68,42,69,43,17,11
5207,SP,293,196,4,2,91,61,5,3,4,2,79,53
5209,SA,236,207,3,2,38,33,11,10,9,7,44,38
5221,GER,476,238,5,3,66,33,7,4,0,0,31,16
5223,SA,13,20,3,5,4,6,1,1,4,6,1,2
5229,GER,8,23,0,1,2,6,0,0,0,0,1,2
5231,SP,7,20,1,2,2,5,0,0,1,2,3,10
5232,SP,38,48,5,7,33,42,15,18,7,8,3,3
5234,CA,3,9,1,4,6,19,0,0,2,7,8,23
5236,SP,683,547,0,0,220,176,129,103,99,79,88,70
5237,AUS,11,17,0,1,8,13,1,2,0,0,4,6
5247,SP,6,25,0,0,1,5,0,2,0,1,1,4
5252,SP,6,10,5,7,7,11,3,4,0,1,5,8
5253,SP,73,73,7,7,23,23,9,9,1,1,2,2
5263,SP,1,4,3,8,3,10,1,2,2,6,4,12
5267,SP,4,12,1,2,5,14,1,2,0,1,1,4
5268,GER,3,14,2,6,3,11,2,8,1,3,1,2
5272,SA,275,103,0,0,64,24,14,5,3,1,53,20
5278,GER,167,140,14,12,196,164,75,63,17,14,22,18
5283,SP,31,62,0,1,7,14,0,0,1,3,8,17
5286,CA,48,64,0,1,23,31,3,4,3,4,15,21
5287,SP,23,23,1,1,13,13,2,2,1,1,1,1
5289,AUS,3,5,1,3,4,8,5,10,1,3,10,19
5290,CA,110,110,0,0,17,17,2,2,0,0,12,12
5294,SP,3,3,3,5,8,11,7,9,2,2,2,2
5299,SP,413,768,37,70,70,129,14,25,11,20,11,20
5300,SP,10,10,4,4,10,10,0,0,1,1,12,12
5302,SP,132,166,12,15,310,387,96,120,11,13,74,92
5303,SA,188,283,0,0,204,306,40,59,8,13,5,7
5304,SA,6,18,0,0,2,6,0,0,0,0,0,1
5313,SP,10,20,0,0,4,7,0,0,0,0,1,2
5314,SP,158,113,2,1,16,11,23,16,4,3,58,41
5316,SP,12,24,1,3,6,12,2,4,1,1,6,12
5320,SA,34,45,3,4,25,33,3,3,1,2,8,10
5324,US,79,94,20,23,54,64,21,25,12,15,7,8
5329,AUS,0,8,0,0,0,3,0,0,0,0,0,0
5331,GER,176,411,15,36,269,629,74,173,0,0,26,60
5332,IND,109,253,15,35,129,302,40,94,11,25,16,38
5336,SP,20,20,1,1,5,5,1,1,0,0,4,4
5341,SA,590,393,46,30,110,74,108,72,83,55,16,11
5342,CA,0,0,0,1,1,2,3,8,2,5,2,7
5346,GER,13,13,3,3,10,10,4,4,0,0,12,12
5350,SA,267,889,28,92,211,704,22,72,33,111,22,74
5370,SP,129,110,2,1,76,65,0,0,4,3,12,11
5371,SP,4,2,10,6,14,10,7,4,0,0,20,14
5376,US,0,0,0,0,0,0,0,0,0,0,0,0
5386,SA,556,556,12,12,395,395,80,80,23,23,86,86
5389,SP,130,108,9,8,37,31,4,4,5,5,3,3
5393,SP,6,17,0,0,2,5,2,5,1,2,2,5
5394,SP,1,2,2,7,1,3,1,6,2,6,1,6
5396,AUS,310,448,5,7,158,228,14,20,36,53,36,53
5407,SA,429,300,10,7,78,55,6,5,0,0,115,80
5423,SA,2,4,0,0,2,3,1,1,0,1,1,1
5424,SA,12,17,5,7,25,34,8,11,0,1,15,21
5429,SP,73,73,1,1,17,17,1,1,1,1,1,1
5430,SP,240,214,0,0,91,80,4,4,10,9,17,15
5441,SP,121,146,3,3,25,29,4,4,1,2,23,27
5453,SA,271,812,27,81,162,487,63,190,38,113,27,81
5454,US,15,22,0,0,3,4,1,2,0,0,1,2
5455,SP,33,66,0,0,5,10,1,1,0,1,2,3
5462,IND,324,433,34,46,93,124,12,17,34,46,5,6
5474,US,23,23,4,4,50,50,2,2,13,13,22,22
5491,AUS,94,78,7,5,61,51,4,4,0,0,8,7
5493,SP,5,10,0,0,1,1,0,0,0,0,2,4
5510,SP,119,143,3,3,28,33,0,0,5,5,46,56
5512,SP,210,241,0,0,18,21,0,0,2,2,11,13
5513,SP,7,20,1,2,3,8,0,0,0,0,0,1
5517,AUS,5,10,0,0,4,7,0,0,1,1,3,6
5519,SA,190,126,35,23,97,64,46,30,31,20,81,54
5524,US,423,212,59,29,364,182,115,57,59,29,59,29
5527,SP,2,2,5,7,4,7,1,2,5,8,6,9
5529,CA,250,156,0,0,18,12,0,0,0,0,5,3
5534,SP,62,62,1,1,13,13,1,1,0,0,36,36
5536,CA,829,663,21,17,159,128,28,22,32,25,18,15
5538,SP,359,538,64,97,172,258,74,112,64,97,11,16
5543,SP,212,333,3,4,44,70,14,23,8,13,30,48
5544,SP,558,399,23,17,102,73,92,66,31,22,62,45
5545,SP,215,358,3,5,97,162,13,21,13,22,30,50
5547,SP,796,682,10,9,217,186,0,0,10,9,0,0
5552,SA,36,45,8,10,50,63,21,26,6,7,9,12
5555,SP,0,0,0,0,0,0,0,0,0,0,0,0
5558,SP,510,510,16,16,215,215,31,31,32,32,40,40
5562,SP,207,295,5,7,45,64,7,9,2,4,37,53
5564,AUS,274,235,72,61,268,229,42,36,13,11,52,45
5577,SP,3,5,0,0,3,6,1,1,0,1,1,2
5585,CA,5,7,1,1,7,10,2,4,0,1,4,6
5589,IND,299,332,0,0,54,61,5,5,3,4,14,16
5596,SA,257,257,7,7,77,77,10,10,0,0,14,14
5602,IND,186,280,9,13,173,259,59,88,45,68,41,61
5610,IND,2,5,1,2,3,8,2,6,0,1,2,5
5621,SP,40,33,31,26,55,45,39,32,8,7,0,0
5623,SP,5,10,1,3,4,9,0,0,0,0,6,13
5626,SP,104,234,1,3,27,62,3,8,2,6,4,9
5628,US,424,424,77,77,162,162,101,101,31,31,39,39
5631,US,78,124,18,29,76,121,21,34,16,26,57,92
5633,SA,32,65,4,8,28,56,4,9,3,7,5,10
5636,IND,29,22,2,2,29,21,7,5,1,0,28,21
5642,SP,47,93,1,3,20,41,0,0,4,9,1,3
5644,SP,129,180,1,2,10,14,2,2,1,2,8,12
5654,AUS,8,12,2,2,4,6,2,4,2,2,7,10
5667,CA,701,312,21,9,276,123,42,18,32,14,106,47
5675,US,167,292,0,0,9,15,2,4,0,0,1,3
5680,SP,3,8,1,3,2,5,0,0,2,5,1,2
5682,AUS,335,613,4,6,30,56,5,8,7,14,7,14
5684,SP,22,34,0,0,4,5,0,0,0,0,1,2
5687,CA,207,356,18,32,285,489,10,18,11,20,69,118
5692,SA,0,1,1,3,1,2,2,6,2,7,2,5
5710,AUS,37,73,0,0,2,3,1,1,0,0,1,2
5718,SA,306,368,76,92,49,59,87,105,19,23,105,126
5721,CA,329,282,41,35,403,346,32,27,24,21,14,12
5723,SP,14,68,0,1,5,26,0,2,0,1,0,0
5726,SA,7,9,3,4,10,13,0,0,3,5,3,3
5731,SP,3,9,0,0,3,10,1,2,0,0,3,8
5734,SP,15,31,1,3,12,24,1,1,1,1,0,1
5735,SP,267,889,28,92,211,704,22,72,33,111,22,74
5740,SP,1,3,1,1,4,8,2,5,2,3,9,17
5748,SA,52,63,12,15,20,24,2,2,66,80,63,76
5751,CA,1,2,1,2,3,8,3,8,1,2,3,8
5756,SP,18,28,0,0,3,4,0,0,0,0,1,1
5758,SP,467,607,0,0,30,39,0,0,0,0,20,26
5763,CA,67,56,9,8,93,78,21,18,0,0,16,14
5782,SP,201,201,18,18,53,53,51,51,39,39,21,21
5788,GER,24,32,4,6,39,53,8,11,3,4,11,14
5790,SP,10,15,2,4,6,10,8,12,0,0,2,3
5794,IND,204,204,0,0,11,11,0,0,0,0,9,9
5796,SP,132,428,5,16,104,338,7,22,10,34,7,22
5802,GER,1,1,2,5,4,7,5,11,4,8,9,18
5823,IND,7,28,0,0,0,2,0,0,0,0,0,2
5824,AUS,2,5,0,0,0,1,0,0,0,0,0,0
5827,SA,18,18,0,0,6,6,1,1,1,1,5,5
5830,SA,300,599,34,68,279,559,44,89,34,68,13,27
5831,SP,509,509,25,25,250,250,33,33,25,25,67,67
5832,SP,92,401,34,149,66,286,35,150,4,19,5,23
5835,SP,7,14,1,1,9,19,1,2,1,1,3,6
5837,SP,124,124,4,4,80,80,3,3,4,4,33,33
5841,SP,337,269,4,3,86,69,6,4,0,0,30,24
5846,GER,1,1,0,1,2,4,1,1,0,1,0,1
5847,SP,128,184,9,12,85,121,42,60,38,54,61,88
5848,IND,302,422,31,43,387,542,40,57,23,32,54,76
5863,SP,154,205,0,0,57,77,6,7,11,15,53,70
5866,SP,49,49,2,2,33,33,6,6,4,4,17,17
5868,CA,1,2,1,3,2,7,3,8,1,4,4,12
5871,SA,37,37,14,14,109,109,5,5,12,12,58,58
5872,US,69,171,26,64,62,154,18,45,2,4,7,17
5883,SP,69,69,60,60,102,102,8,8,63,63,30,30
5885,CA,37,37,2,2,45,45,6,6,1,1,16,16
5892,SA,59,99,2,4,17,28,3,5,1,1,1,1
5896,SP,109,163,3,4,32,48,8,12,3,4,4,7
5899,US,28,0,0,0,6,0,1,0,1,0,13,0
5907,SP,3,5,0,0,3,5,0,0,0,0,1,1
5909,GER,244,651,3,7,28,73,4,9,0,0,41,111
5922,SP,93,117,0,0,3,3,0,0,0,0,1,1
5929,SP,8,11,1,2,8,11,1,2,0,1,1,2
5935,IND,255,292,3,4,65,75,0,0,3,4,29,34
5939,SP,22,22,3,3,14,14,4,4,3,3,17,17
5948,US,64,79,3,3,23,29,5,6,4,4,8,9
5954,SP,42,34,8,6,41,33,7,6,3,2,6,4
5955,SP,278,555,11,22,183,366,50,101,44,89,78,155
5956,AUS,86,58,1,1,59,40,4,3,1,1,18,12
5959,IND,59,99,0,0,9,14,0,0,0,0,7,11
5961,SP,2,6,1,3,5,15,2,5,1,2,4,12
5966,SP,68,135,0,0,3,7,0,0,0,0,1,1
5967,GER,10,16,1,1,8,11,4,6,2,3,3,5
5975,CA,15,22,0,0,7,10,0,0,0,0,1,2
5985,SP,27,53,0,1,12,25,0,0,0,1,1,2
5987,SP,0,2,0,2,2,9,2,8,1,5,2,10
5989,CA,358,394,58,64,227,249,19,20,73,80,16,18
5991,GER,96,77,1,1,22,17,2,1,1,1,26,21
5995,SP,90,75,2,1,80,67,2,2,13,11,22,19
6001,SP,205,409,12,23,53,107,19,39,12,23,12,23
6019,SP,15,30,1,2,3,6,1,3,1,3,2,5
6024,SP,556,556,12,12,395,395,80,80,23,23,86,86
6036,SP,487,681,38,54,170,238,30,42,54,75,23,32
6049,SP,444,698,20,31,161,254,35,55,27,42,14,23
6050,IND,370,801,14,29,69,150,6,13,4,10,15,32
6055,SP,210,336,28,44,145,231,36,58,56,89,28,44
6059,SP,723,263,26,10,123,45,12,4,0,0,79,29
6071,SP,106,387,15,55,69,255,31,115,9,31,18,66
6072,SP,417,501,26,31,383,459,45,54,17,21,60,73
6086,AUS,148,297,8,17,235,471,27,53,25,51,16,32
6097,SA,179,134,5,3,59,45,3,3,2,2,72,54
6103,AUS,16,24,6,9,6,9,7,10,2,4,3,4
6116,SP,5,14,3,10,5,14,3,8,2,5,2,6
6119,SP,3,7,0,0,1,2,0,0,0,0,1,3
6131,SP,47,94,23,47,35,71,24,48,6,13,8,15
6141,CA,104,87,5,4,53,44,0,0,3,3,45,37
6142,SP,315,315,9,9,89,89,35,35,0,0,4,4
6147,GER,0,5,0,2,0,8,0,2,0,2,0,9
6168,IND,11,22,0,0,2,3,0,0,0,0,5,10
6173,SP,150,275,41,74,103,189,8,15,12,23,28,51
6177,US,38,38,5,5,28,28,2,2,1,1,12,12
6181,US,205,283,9,12,100,138,24,32,45,63,12,16
6182,US,4,7,1,3,7,13,3,7,1,2,2,3
6183,GER,21,41,0,1,15,29,2,4,2,3,7,15
6184,SP,153,408,17,47,214,571,23,61,35,93,13,35
6197,SP,19,19,0,0,9,9,0,0,0,0,2,2
6200,SP,136,204,43,65,74,111,52,78,15,23,40,60
6201,SP,9,13,1,1,6,8,0,0,0,1,4,6
6202,SP,134,437,12,38,33,109,8,25,12,38,37,122
6203,SP,166,333,50,99,272,543,58,115,16,33,16,33
6205,CA,14,20,1,2,12,17,0,0,2,2,4,6
6211,SP,5,14,0,0,2,7,0,0,0,1,3,8
6214,SP,6,8,4,6,12,17,2,2,3,4,6,9
6215,SA,3,7,0,0,3,7,1,2,0,1,2,5
6218,SP,244,213,2,2,15,14,0,0,0,0,5,4
6222,SP,10,15,0,0,3,5,1,1,0,0,1,1
6230,SP,61,49,3,2,33,26,4,3,1,0,4,3
6233,SP,240,267,9,10,172,192,12,13,22,25,4,5
6237,SP,78,3,4,0,32,1,5,0,2,0,279,12
6245,SP,103,275,4,10,19,49,5,14,4,10,4,10
6246,CA,192,511,28,74,164,437,0,0,16,42,12,31
6248,SP,574,702,11,13,336,410,42,52,13,16,22,26
6250,SP,411,299,9,6,17,13,12,8,0,0,0,0
6255,AUS,50,88,14,25,23,40,20,35,7,11,8,13
6257,SA,128,128,22,22,67,67,19,19,7,7,12,12
6260,AUS,185,800,10,41,81,351,34,146,23,98,36,154
6261,IND,62,208,7,24,20,68,3,8,11,37,5,17
6262,GER,223,593,11,31,123,327,15,40,15,41,42,112
6263,SP,9,19,3,6,12,25,4,8,2,5,4,9
6271,SP,21,32,0,0,3,5,0,0,0,0,1,1
6274,SA,615,461,9,7,238,179,24,18,27,21,9,7
6281,SP,367,306,0,0,109,90,20,17,26,21,14,12
6283,SP,318,318,8,8,50,50,10,10,4,4,66,66
6287,SP,5,9,0,0,5,11,0,0,0,0,2,4
6289,SP,58,77,0,0,4,6,0,0,2,2,15,21
6292,GER,375,936,0,0,103,256,13,33,25,64,5,12
6295,SP,448,204,6,3,109,49,14,7,0,0,98,44
6299,CA,194,130,29,19,112,74,23,16,11,7,119,79
6303,CA,121,289,21,52,220,527,22,54,47,114,9,21
6310,CA,10,20,3,5,4,8,3,5,3,5,4,8
6312,GER,112,146,47,60,127,164,37,47,16,21,37,49
6318,CA,310,448,5,7,158,228,14,20,36,53,36,53
6320,SP,288,480,17,28,210,351,29,48,17,28,5,9
6327,US,141,424,8,24,109,326,7,21,8,24,14,41
6336,SA,4,9,1,1,5,9,3,5,2,5,1,3
6340,SA,1,2,1,2,2,5,0,0,1,2,3,8
6343,AUS,385,450,34,39,175,205,53,61,34,39,20,23
6347,SP,0,1,0,1,1,3,3,8,2,7,3,8
6349,SP,355,266,42,31,237,177,45,33,27,21,49,36
6354,SP,2,3,1,1,5,11,1,2,1,1,6,13
6355,SP,7,13,0,0,5,9,2,5,1,2,0,1
6357,SA,115,115,18,18,38,38,32,32,29,29,16,16
6365,IND,4,6,5,7,5,7,10,15,0,1,8,12
6374,SP,124,99,1,1,17,14,0,0,1,1,22,17
6376,AUS,64,127,19,37,46,93,17,34,3,5,33,67
6379,US,34,34,1,1,10,10,0,0,1,1,16,16
6382,US,6,19,0,0,3,8,1,2,0,0,4,11
6383,SA,13,13,0,0,8,8,1,1,1,1,1,1
6384,US,284,625,4,8,87,191,0,0,4,8,76,166
6387,SA,17,25,0,0,7,10,0,0,0,0,7,11
6398,SP,4,4,5,5,7,7,8,8,0,0,2,2
6404,SA,60,91,3,4,36,53,0,0,3,4,11,17
6406,GER,243,404,40,67,147,244,66,109,25,42,15,25
6409,SA,134,134,70,70,300,300,17,17,6,6,64,64
6417,SP,195,634,32,106,101,329,14,46,22,70,4,11
6421,SP,323,727,55,123,171,384,24,53,42,96,36,82
6422,IND,172,172,95,95,241,241,25,25,17,17,86,86
6424,SP,3,9,2,5,1,2,3,8,1,2,4,12
6428,SP,76,529,1,9,43,302,11,74,7,47,4,28
6431,IND,17,25,0,1,7,11,1,2,0,0,2,2
6437,SP,8,13,3,5,8,12,6,9,1,2,4,5
6439,SA,457,332,0,0,77,56,0,0,16,12,88,64
6445,SA,97,146,40,61,162,243,12,17,16,24,16,24
6457,SA,176,351,8,16,77,153,11,21,8,16,22,43
6460,IND,5,7,2,2,2,4,4,7,3,5,6,10
6461,SP,182,399,15,34,49,108,13,30,3,6,34,74
6466,SP,35,70,0,0,3,6,1,1,0,1,1,3
6471,SP,5,9,1,1,10,20,3,5,1,1,1,2
6488,GER,46,30,0,0,4,3,0,0,0,0,10,6
6497,AUS,160,133,3,3,13,10,7,6,3,3,50,42
6504,SP,1,1,2,3,4,5,11,17,2,4,11,17
6507,AUS,3,13,2,9,3,12,0,2,0,0,2,10
6515,SA,2,4,1,1,7,11,1,1,3,5,6,8
6516,AUS,0,0,0,0,0,1,2,5,1,3,2,4
6518,AUS,255,291,0,0,22,26,0,0,3,3,3,3
6521,SA,189,424,7,15,98,221,10,23,31,71,4,8
6528,SP,1,1,1,1,1,1,1,1,0,1,0,1
6534,SA,12,17,0,0,12,17,0,0,2,3,2,2
6543,CA,223,298,72,96,303,403,34,46,33,43,26,35
6544,GER,187,342,0,0,126,230,22,41,10,18,0,0
6565,US,557,455,44,36,274,224,0,0,9,7,97,79
6566,AUS,243,583,15,35,93,224,15,35,11,27,11,27
6568,US,4,7,0,0,14,22,6,9,2,3,5,7
6575,SA,129,101,27,21,120,94,7,6,18,14,42,33
6583,SP,195,195,11,11,162,162,52,52,18,18,54,54
6605,SP,302,202,8,5,79,52,5,3,0,0,16,10
6606,SP,321,643,11,23,46,91,5,10,0,0,4,7
6609,SA,1,1,13,13,13,13,9,9,12,12,8,8
6613,AUS,257,257,4,4,67,67,23,23,7,7,7,7
6616,SP,49,129,1,2,23,62,19,52,18,48,16,42
6619,SP,6,17,0,1,3,10,1,3,0,0,1,3
6634,SA,9,13,1,2,7,11,0,0,0,0,4,7
6637,IND,83,194,49,113,92,214,52,121,23,53,37,87
6642,SA,10,20,2,3,7,15,3,5,3,6,9,19
6646,CA,1,2,0,0,1,4,3,10,0,0,0,1
6652,CA,57,170,38,113,143,430,25,74,14,41,8,23
6653,SP,171,122,0,0,51,36,2,2,6,5,13,10
6658,SP,369,402,24,27,74,80,26,28,5,5,74,80
6661,SP,324,433,34,46,93,124,12,17,34,46,5,6
6663,SP,62,82,0,0,3,4,0,0,0,0,3,3
6673,US,14,14,3,3,14,14,6,6,9,9,20,20
6678,IND,14,19,2,2,10,14,2,2,1,1,2,3
6679,SP,0,10,0,3,0,3,0,0,0,0,0,0
6682,SP,1,2,2,6,0,1,1,3,2,5,4,11
6690,SA,19,19,2,2,11,11,2,2,1,1,10,10
6694,SP,167,271,25,41,152,248,5,7,14,24,43,71
6710,SP,23,45,0,1,4,9,1,2,2,3,4,9
6715,SP,177,325,7,12,47,85,0,0,2,4,9,17
6720,SP,200,114,7,4,34,19,3,1,2,1,68,39
6721,CA,312,260,10,9,156,130,27,23,21,17,135,113
6722,CA,282,197,16,12,80,56,44,31,8,6,21,14
6728,SP,4,12,0,0,4,13,2,5,1,2,2,5
6729,SA,122,334,5,14,222,610,20,55,31,87,10,28
6730,SP,14,20,0,1,6,8,0,0,0,0,2,3
6742,SP,1,1,1,1,0,1,1,2,0,1,1,1
6749,SP,435,522,21,26,225,269,37,45,21,26,43,52
6768,CA,6,17,0,1,2,6,1,2,0,1,1,2
6770,US,3,3,7,7,7,7,0,0,3,3,16,16
6798,SA,89,142,3,4,53,84,2,2,6,9,15,24
6810,SA,89,178,33,65,202,404,16,32,23,47,33,65
6815,SP,209,239,10,11,58,67,24,28,47,54,29,33
6818,SP,49,49,0,0,53,53,25,25,5,5,53,53
6825,CA,4,9,0,0,1,2,0,0,0,0,0,0
6853,AUS,153,559,6,20,115,423,15,54,3,10,17,63
6856,GER,7,7,0,0,12,12,2,2,3,3,10,10
6859,SP,21,16,2,2,14,10,9,7,5,4,5,4
6862,SP,0,0,0,0,0,0,0,0,0,0,0,0
6864,AUS,4,4,2,2,5,5,1,1,1,1,2,2
6866,SA,2,6,0,0,4,11,1,2,1,2,2,5
6870,SP,55,127,1,1,15,34,5,12,4,9,6,14
6872,SA,95,189,1,2,28,56,1,3,2,5,8,15
6875,CA,97,70,8,5,105,75,50,36,8,5,41,29
6878,SP,17,26,5,7,38,58,31,47,16,24,22,33
6885,CA,15,23,0,0,5,7,1,2,0,1,0,1
6887,GER,123,123,8,8,112,112,11,11,22,22,8,8
6892,SP,401,240,4,3,35,21,0,0,0,0,18,11
6905,SP,90,151,17,28,227,378,13,21,10,16,20,34
6906,SP,72,95,21,27,258,344,27,36,31,41,31,41
6912,SP,198,395,10,20,30,61,10,19,7,15,2,5
6918,SP,1,4,1,3,3,10,2,6,0,0,1,3
6919,SP,2,2,3,4,6,9,5,8,4,5,6,9
6927,SA,112,112,0,0,15,15,0,0,0,0,5,5
6931,SP,309,155,101,50,195,97,43,22,40,20,20,10
6932,SP,750,535,25,18,418,298,32,23,0,0,12,9
6935,IND,61,146,8,18,131,316,22,53,0,0,66,157
6940,SP,50,50,1,1,20,20,3,3,1,1,38,38
6941,SP,9,9,4,4,6,6,6,6,8,8,16,16
6945,SP,174,213,9,11,321,392,17,21,24,30,73,90
6950,CA,14,21,0,1,6,10,0,0,0,1,0,1
6958,AUS,5,9,0,0,1,3,0,0,0,0,3,5
6961,SP,0,1,0,1,2,3,0,0,1,2,0,1
6963,SA,113,563,2,9,67,333,3,13,8,38,2,9
6969,AUS,44,55,6,7,29,37,19,24,4,4,2,2
6974,GER,283,235,23,19,405,337,30,25,31,25,46,38
6977,SP,467,606,0,0,273,356,63,82,16,21,16,21
6982,IND,241,542,9,21,165,372,43,97,23,53,5,10
6983,IND,9,14,1,1,7,10,1,1,0,1,0,0
6988,AUS,328,328,40,40,228,228,26,26,54,54,47,47
6991,AUS,322,215,4,2,25,17,10,6,4,2,18,12
6999,IND,242,414,6,10,39,67,12,20,6,10,3,5
7000,GER,47,233,29,143,12,62,6,32,1,7,41,205
7002,SP,44,119,13,35,25,65,0,0,12,33,14,38
7004,IND,14,10,2,1,16,10,4,3,1,0,14,9
7005,SA,141,338,10,25,53,126,8,20,2,5,25,60
7007,SP,10,7,2,1,11,7,2,1,2,2,11,7
7010,SP,293,342,53,61,117,137,61,71,70,82,35,41
7011,SA,18,25,1,1,12,15,0,0,4,5,5,7
7019,SA,41,68,7,11,6,10,9,15,10,16,7,11
7022,SA,99,640,14,93,41,268,19,121,11,69,5,30
7023,SA,113,76,1,1,33,22,0,0,3,2,7,5
7030,SP,574,626,0,0,98,106,18,20,14,15,7,7
7034,CA,3,5,3,4,4,5,5,8,2,4,5,7
7037,SA,65,129,18,37,45,89,5,10,0,0,1,2
7042,SP,2,2,2,2,7,7,8,8,11,11,5,5
7053,SA,165,439,8,20,184,490,25,66,8,20,8,20
7055,CA,374,514,0,0,24,33,0,0,0,0,32,44
7059,SP,132,351,23,61,109,289,56,149,23,61,66,175
7072,AUS,288,144,53,26,227,114,118,59,91,45,113,57
7079,SA,384,513,10,13,89,118,6,9,5,6,39,53
7093,SP,0,3,0,6,0,5,0,0,0,2,0,6
7094,GER,141,304,17,36,67,146,33,71,31,67,48,103
7101,SP,477,477,0,0,36,36,0,0,0,0,87,87
7106,SP,111,372,0,0,136,455,36,120,0,0,3,9
7108,SA,103,103,10,10,24,24,12,12,1,1,28,28
7118,CA,500,333,48,32,218,145,31,21,16,10,104,70
7119,SA,99,296,4,11,66,197,15,45,14,41,10,29
7124,CA,14,29,1,3,4,8,3,5,0,0,9,18
7128,SP,1,3,0,0,2,3,0,0,0,1,2,3
7129,SP,217,469,5,12,45,97,7,16,8,18,11,24
7141,SP,63,25,7,3,33,13,1,1,2,1,46,18
7143,SP,60,149,46,116,60,149,12,29,46,116,11,26
7152,GER,3,9,0,0,3,10,1,2,0,0,3,8
7165,SP,169,212,16,19,76,96,25,31,38,48,41,52
7181,SP,14,21,0,0,5,8,1,1,0,0,1,1
7186,IND,8,16,0,0,1,1,0,0,0,0,3,6
7192,SP,29,143,12,61,16,78,16,79,13,65,6,28
7196,CA,0,9,0,0,0,3,0,0,0,0,0,1
7212,AUS,22,32,0,0,3,4,0,0,0,0,2,2
7214,SP,352,440,0,0,122,153,20,25,20,25,56,70
7215,CA,228,494,9,18,32,70,14,30,23,49,53,115
7224,IND,3,7,0,0,3,7,1,2,0,1,2,5
7230,US,167,292,0,0,9,15,2,4,0,0,1,3
7232,SP,14,41,0,0,2,5,1,2,0,0,1,3
7233,CA,225,271,15,17,386,463,104,125,22,26,58,70
7235,GER,1,1,2,3,4,8,1,3,3,5,2,5
7247,GER,272,233,0,0,14,12,0,0,0,0,40,35
7250,CA,151,194,15,20,78,100,7,8,10,13,7,10
7254,SA,20,20,0,0,28,28,10,10,4,4,7,7
7261,SP,100,100,17,17,30,30,4,4,2,2,8,8
7264,SA,4,8,0,0,1,3,0,0,0,0,0,1
7270,SA,121,787,6,42,29,188,4,28,2,10,3,21
7274,SP,210,526,47,116,234,584,61,151,47,116,17,44
7275,US,26,53,0,1,10,21,1,3,1,3,4,8
7279,US,130,130,43,43,280,280,32,32,5,5,34,34
7284,SP,3,7,0,0,2,5,1,1,0,0,0,1
7286,AUS,7,7,3,3,8,8,2,2,3,3,7,7
7290,SP,69,278,9,35,107,427,3,14,0,0,5,21
7297,SA,3,3,2,2,5,5,6,6,4,4,10,10
7300,IND,239,209,2,2,18,16,3,3,2,2,21,18
7301,SP,2,2,11,11,6,6,2,2,4,4,16,16
7313,CA,201,369,26,47,217,397,47,86,36,66,26,47
7321,IND,146,146,15,15,208,208,32,32,17,17,100,100
7325,SP,6,17,0,0,3,8,1,2,0,1,1,2
7326,CA,9,26,0,1,5,14,1,2,2,5,0,0
7327,SP,4,17,1,4,1,2,2,8,0,1,1,6
7342,SP,114,227,47,95,38,75,86,173,50,101,22,44
7348,SP,149,187,58,72,183,228,107,133,14,18,19,24
7349,SP,3,3,9,9,8,8,3,3,8,8,21,21
7352,CA,54,107,9,19,45,91,11,21,1,2,15,30
7366,IND,153,559,6,20,115,423,15,54,3,10,17,63
7369,SP,10,15,2,4,10,15,2,4,0,0,0,0
7373,AUS,38,58,5,7,38,58,13,20,9,13,17,26
7375,SA,198,99,5,2,53,26,0,0,7,4,121,61
7378,SP,246,147,3,2,85,51,4,3,3,2,17,10
7381,SP,516,281,99,54,190,103,47,25,63,34,19,11
7384,SP,57,57,31,31,102,102,17,17,13,13,24,24
7386,CA,4,13,0,0,4,11,2,5,1,2,1,2
7393,SP,22,34,2,3,10,14,2,2,0,0,1,2
7396,SP,101,241,15,36,275,661,61,146,10,25,8,18
7397,SP,216,278,2,3,36,46,3,4,0,0,44,56
7408,SA,120,96,1,1,3,3,0,0,0,0,5,4
7409,SP,84,127,1,1,12,18,3,4,3,4,4,6
7411,SA,3,8,0,0,1,4,0,0,0,0,0,1
7414,SP,41,55,0,1,18,24,5,7,1,2,14,18
7419,SP,3,5,1,2,8,11,0,0,1,1,1,2
7422,SP,35,50,18,26,23,32,43,60,33,46,3,4
7426,SP,42,69,6,10,14,23,3,4,3,6,7,11
7428,AUS,65,175,36,96,121,324,68,182,52,140,29,79
7431,CA,777,555,10,7,181,130,13,10,30,21,50,36
7433,SP,27,37,2,2,29,39,3,4,2,3,7,10
7437,AUS,3,10,0,0,2,6,0,2,0,1,1,4
7441,US,137,821,23,136,64,383,3,17,0,0,4,27
7444,SP,5,14,0,0,2,7,0,0,0,0,1,2
7446,US,195,325,16,26,37,61,0,0,16,26,5,9
7451,SP,308,692,6,13,219,492,38,87,35,80,12,26
7453,SP,67,90,18,25,54,73,29,39,24,32,16,21
7458,AUS,20,20,1,1,13,13,2,2,2,2,12,12
7462,CA,49,19,0,0,161,65,36,15,112,45,49,19
7476,SA,309,619,21,42,85,169,0,0,4,8,4,8
7485,SA,22,45,1,3,11,21,6,11,1,1,5,11
7488,SP,117,303,4,11,52,134,42,109,11,27,4,11
7494,CA,125,84,0,0,24,16,2,1,1,1,9,6
7495,SP,22,55,8,20,9,22,5,11,0,0,1,3
7500,SP,123,123,8,8,112,112,11,11,22,22,8,8
7503,GER,369,663,38,68,278,501,49,88,38,68,18,33
7505,SP,7,15,0,1,3,6,0,0,0,0,5,9
7514,AUS,36,48,4,6,15,19,5,6,4,6,12,16
7516,GER,2,3,1,2,4,7,5,7,2,3,4,5
7521,CA,240,661,8,23,92,253,20,55,8,23,51,140
7527,SP,2,4,2,4,12,17,5,7,6,9,3,5
7530,SP,22,45,1,3,11,21,6,11,1,1,5,11
7532,GER,42,57,1,1,5,6,2,2,0,0,7,9
7533,CA,72,72,1,1,16,16,1,1,1,1,4,4
7540,SP,29,114,3,12,12,48,5,19,5,18,1,4
7573,GER,20,20,1,1,5,5,1,1,1,1,17,17
7574,SA,4,7,0,0,5,8,1,1,2,2,4,7
7592,SP,51,51,5,5,32,32,1,1,5,5,12,12
7600,CA,0,1,1,2,1,2,2,6,0,1,3,10
7610,SP,150,125,0,0,47,39,5,5,13,10,36,30
7613,SP,75,91,2,3,49,58,5,6,4,4,13,16
7617,SP,19,48,1,4,17,44,1,2,2,6,5,14
7620,IND,3,3,6,6,8,8,11,11,4,4,23,23
7627,SP,409,409,92,92,399,399,53,53,82,82,10,10
7628,SP,10,20,2,3,8,16,2,4,1,2,3,5
7629,SP,2,3,1,2,4,5,2,4,1,1,2,4
7631,IND,187,375,19,39,56,112,14,29,5,11,47,95
7646,SP,64,154,19,44,83,199,40,97,10,25,21,49
7660,CA,5,10,0,0,3,5,1,3,1,1,7,13
7679,SP,2,5,1,2,3,9,2,5,0,1,0,0
7683,SP,163,391,10,25,33,80,0,0,2,5,23,55
7685,SP,10,20,3,5,4,8,3,5,3,5,4,8
7698,IND,76,76,2,2,11,11,1,1,3,3,4,4
7699,CA,77,77,0,0,25,25,3,3,6,6,19,19
7706,CA,241,109,72,33,130,59,135,62,104,47,39,18
7712,US,68,114,6,11,97,162,29,48,26,44,11,18
7718,SP,41,203,9,43,45,225,17,84,0,0,8,38
7723,GER,405,304,53,40,214,160,59,45,46,34,46,34
7725,IND,63,110,9,17,93,162,13,22,26,45,29,52
7732,SP,121,172,0,0,51,73,74,105,40,57,21,31
7734,AUS,171,300,37,65,45,80,77,135,22,39,89,156
7736,SP,6,6,4,4,6,6,1,1,1,1,14,14
7755,SP,242,108,2,1,27,12,0,0,0,0,13,6
7761,AUS,6,7,5,6,10,14,6,7,3,5,17,23
7786,SP,29,39,3,4,25,34,4,6,2,3,5,6
7787,CA,155,371,8,20,40,95,3,7,6,15,29,70
7788,SP,0,6,0,0,0,3,0,0,0,0,0,1
7789,SP,257,428,38,63,300,501,8,13,25,41,0,0
7791,SA,3,9,0,1,2,5,0,0,0,1,1,4
7793,SP,377,264,4,3,49,35,0,0,18,12,22,16
7798,CA,136,97,12,8,33,24,5,3,12,8,53,38
7801,SA,62,135,33,74,71,156,2,5,18,41,41,90
7807,SP,49,49,0,0,53,53,25,25,5,5,53,53
7822,SP,66,132,6,12,84,168,11,21,36,72,18,36
7828,SA,26,43,48,81,149,248,71,118,8,14,6,9
7829,IND,8,8,3,3,4,4,4,4,2,2,13,13
7832,SP,501,439,23,21,211,185,0,0,47,41,31,27
7842,SP,9,9,4,4,17,17,5,5,1,1,2,2
7848,IND,140,84,1,1,16,9,4,3,0,0,69,41
7849,SP,28,181,3,16,61,395,21,139,19,123,9,57
7851,SP,35,127,0,0,54,199,43,156,41,150,26,96
7861,SP,469,351,33,24,138,104,26,19,0,0,6,5
7872,SP,90,90,11,11,137,137,0,0,11,11,32,32
7873,CA,51,90,4,7,41,73,5,10,5,9,2,3
7875,AUS,228,739,0,0,145,472,10,33,12,38,0,0
7881,SP,196,424,8,18,62,133,11,23,5,12,45,96
7892,US,2,4,2,2,10,15,6,9,5,7,5,8
7899,AUS,623,623,17,17,166,166,11,11,17,17,8,8
7901,AUS,0,9,0,1,0,5,0,2,0,1,0,4
7912,US,5,3,9,6,16,11,0,0,12,8,20,13
7919,SP,714,571,58,47,363,290,16,12,12,9,0,0
7922,SA,429,390,0,0,38,34,6,6,0,0,33,30
7930,SP,34,67,4,9,25,51,7,13,6,12,13,27
7937,SP,5,5,4,4,13,13,3,3,2,2,4,4
7938,GER,81,269,2,6,15,51,4,13,1,3,1,3
7943,SA,5,14,0,0,2,5,1,2,1,2,1,4
7947,SP,6,18,0,0,2,6,0,0,0,1,1,3
7959,SP,247,411,30,50,181,302,46,77,5,8,5,8
7960,SP,138,596,4,18,66,284,28,123,5,20,19,81
7962,SP,643,643,11,11,225,225,53,53,10,10,10,10
7966,SP,253,253,69,69,201,201,52,52,11,11,11,11
7972,SP,100,300,8,24,130,389,18,53,19,56,14,41
7987,CA,198,148,10,7,27,21,13,10,7,6,7,6
7990,CA,0,9,0,1,0,2,0,3,0,2,0,0
7998,IND,27,27,4,4,9,9,7,7,0,0,11,11
7999,SP,620,620,9,9,207,207,12,12,17,17,9,9
8008,SP,15,31,0,0,10,20,4,8,0,1,10,20
8015,SP,220,494,23,53,122,273,36,80,0,0,4,8
8017,SA,9,13,0,0,8,11,2,4,2,3,1,2
8026,CA,60,60,29,29,37,37,33,33,45,45,29,29
8029,US,355,829,10,22,106,246,6,15,5,11,5,11
8036,SP,10,21,0,1,4,9,2,5,1,1,3,6
8041,SA,137,458,16,55,35,118,28,92,26,86,9,32
8070,SP,75,124,5,8,12,19,1,2,5,8,3,4
8079,SA,1,2,0,1,3,5,9,14,1,1,7,11
8080,IND,0,5,0,1,0,6,0,3,0,4,0,3
8082,AUS,0,1,1,2,2,4,1,2,2,4,5,10
8086,SA,19,29,0,0,1,1,0,0,0,0,2,3
8091,IND,212,212,92,92,184,184,7,7,49,49,11,11
8093,SP,229,343,3,5,93,139,9,14,25,37,7,10
8104,SP,121,121,0,0,6,6,0,0,0,0,13,13
8132,GER,299,266,3,3,34,31,0,0,3,3,10,9
8135,SA,2,5,1,3,6,17,2,5,0,0,3,8
8140,AUS,3,7,5,9,10,19,1,3,1,1,12,24
8143,SP,90,112,1,1,20,26,1,2,1,1,4,6
8146,SA,10,20,0,0,3,5,1,1,0,0,5,9
8147,SP,11,17,0,0,4,7,0,0,0,0,4,5
8148,SA,95,190,9,19,81,161,18,37,38,76,45,90
8151,SP,9,7,21,15,12,9,11,9,35,27,62,46
8159,SP,67,50,0,0,13,9,7,6,0,0,17,13
8162,SP,1,3,0,1,3,8,2,5,1,2,1,2
8164,SA,426,597,39,54,271,380,20,29,23,32,15,22
8175,SA,11,23,1,3,22,44,1,2,3,7,7,13
8180,US,127,106,1,1,29,24,2,1,3,2,8,6
8181,SP,29,22,7,5,28,21,10,7,14,10,14,10
8182,CA,23,30,1,2,21,28,3,4,2,2,2,3
8204,GER,148,334,11,24,170,383,22,50,49,111,5,12
8207,CA,7,21,0,0,2,7,1,2,0,0,0,0
8210,SP,106,212,1,2,6,11,1,3,2,5,19,37
8212,SP,36,49,6,9,12,15,6,7,6,7,9,12
8213,SP,2,4,2,2,4,5,2,4,14,22,14,21
8216,AUS,90,68,0,0,43,33,7,6,4,3,41,30
8230,SP,9,13,1,1,12,19,3,4,2,2,2,3
8233,CA,254,254,3,3,11,11,4,4,3,3,5,5
8234,SP,0,1,2,4,2,5,0,0,0,1,1,2
8235,SA,161,268,11,19,80,134,30,50,11,19,23,38
8254,GER,5,9,0,0,1,1,0,0,0,0,2,5
8275,SP,5,11,0,0,1,2,0,0,0,0,0,1
8278,SP,531,332,51,32,337,210,53,33,61,38,20,13
8286,SA,42,56,0,1,7,10,0,0,0,1,2,3
8299,SA,10,30,1,2,4,11,2,6,0,0,2,5
8310,SP,528,369,74,52,115,81,54,37,66,46,22,15
8312,SP,0,1,4,5,3,4,1,1,6,8,4,6
8314,SP,232,325,54,75,317,444,12,17,77,108,46,65
8315,US,1,3,1,1,4,7,1,1,0,0,1,3
8318,SP,228,366,52,82,302,484,13,20,52,82,22,35
8334,SP,26,53,0,1,10,21,1,3,1,3,4,8
8341,SP,5,10,0,0,2,4,0,0,0,1,4,8
8346,SP,104,35,11,4,26,9,19,6,8,3,54,18
8360,SP,42,69,6,10,14,23,3,4,3,6,7,11
8362,SA,796,682,10,9,217,186,0,0,10,9,0,0
8369,SP,0,1,0,2,0,7,0,4,0,3,0,11
8370,CA,204,174,52,45,139,120,106,91,104,90,18,16
8372,SA,1,2,1,2,2,5,2,4,1,1,3,6
8373,CA,0,1,1,2,2,5,3,8,0,0,2,7
8375,AUS,255,192,0,0,16,12,0,0,0,0,25,18
8387,SP,60,74,4,4,34,42,3,3,0,0,5,6
8395,SA,196,784,7,30,53,212,7,28,33,130,6,25
8397,SP,6,12,0,0,2,3,0,0,0,0,4,7
8402,AUS,154,175,16,19,104,118,61,69,16,19,20,23
8405,SA,60,75,11,14,23,28,10,13,11,14,20,26
8414,SP,19,37,0,0,4,8,0,0,0,0,6,12
8416,US,2,4,2,4,6,9,4,6,2,3,1,1
8418,GER,3,4,4,6,7,10,3,5,2,4,5,8
8420,SP,2,5,1,3,4,9,5,10,3,5,6,11
8427,SP,229,327,6,8,295,422,86,124,0,0,18,25
8430,AUS,0,9,0,0,0,6,0,3,0,1,0,3
8432,SP,240,214,0,0,91,80,4,4,10,9,17,15
8439,SP,440,294,16,10,42,28,7,4,26,18,10,7
8442,CA,2,7,0,0,2,5,1,2,1,3,2,5
8443,SA,4,2,6,4,7,5,2,1,9,6,24,16
8461,SP,5,9,0,0,0,1,0,0,0,0,0,1
8462,SP,0,1,1,3,3,7,10,19,0,0,12,24
8475,IND,0,0,0,0,0,0,0,0,0,0,0,0
8477,SP,1,4,0,1,3,10,1,2,1,4,0,1
8486,SP,197,87,0,0,36,16,6,2,2,1,14,6
8492,SP,353,442,0,0,242,303,42,53,26,32,0,0
8504,GER,146,204,25,35,237,331,46,64,55,78,60,85
8514,SP,2,6,0,0,2,5,1,2,0,1,0,1
8523,CA,14,10,1,0,9,7,7,5,1,1,3,2
8524,SP,20,20,2,2,15,15,5,5,4,4,6,6
8527,SP,120,120,4,4,60,60,2,2,8,8,6,6
8534,SP,194,421,9,19,82,177,4,8,15,33,9,21
8537,SP,158,368,24,56,166,387,37,86,28,66,16,37
8541,SP,3,5,1,3,3,7,2,4,2,5,2,4
8545,SP,216,1080,3,14,52,259,8,38,12,58,9,43
8553,SP,8,23,0,0,2,7,0,0,0,0,1,2
8560,CA,162,189,7,9,72,84,3,4,2,3,67,78
8562,SP,28,99,1,3,16,57,3,12,1,5,2,9
8566,SP,2,3,0,0,1,2,0,0,0,0,0,1
8581,SP,336,268,0,0,56,44,11,8,0,0,16,12
8584,SP,84,292,12,41,103,359,37,131,12,41,12,41
8588,GER,101,101,1,1,22,22,2,2,3,3,18,18
8594,SP,56,56,0,0,3,3,1,1,1,1,7,7
8595,AUS,14,41,0,0,2,5,1,2,0,0,1,3
8601,AUS,259,162,47,29,330,206,50,32,110,68,63,39
8602,SP,160,252,67,105,60,94,58,92,41,64,22,35
8605,SP,19,29,0,0,6,8,0,0,0,0,2,4
8614,AUS,70,175,5,14,36,89,11,26,19,48,4,10
8619,SP,0,9,0,0,0,6,0,3,0,1,0,3
8624,SA,52,131,9,24,141,352,17,42,29,74,16,41
8625,US,8,8,1,1,12,12,0,0,3,3,1,1
8629,CA,5,14,0,1,3,8,1,2,0,1,2,6
8643,IND,63,189,25,74,207,620,55,164,18,53,49,147
8650,SP,1,4,2,5,3,8,2,5,1,4,3,8
8652,SA,34,50,2,3,15,23,60,90,5,7,11,17
8659,GER,265,485,25,46,61,113,5,8,4,6,7,13
8663,AUS,4,7,0,0,1,2,0,0,0,0,0,1
8685,SA,131,113,8,7,58,50,2,2,8,7,27,23
8686,SP,2,3,9,14,6,9,0,0,7,11,6,8
8687,IND,24,97,12,50,18,72,14,54,4,16,25,100
8690,CA,133,266,9,19,252,504,12,24,13,27,42,84
8692,SP,40,50,8,9,43,54,7,8,3,3,7,8
8700,SA,3,4,3,4,6,8,3,4,6,10,6,9
8702,AUS,2,7,0,1,2,5,0,0,1,2,1,2
8707,SP,314,251,23,19,304,244,36,28,46,37,55,44
8717,IND,665,484,41,30,260,189,40,29,41,30,15,11
8722,CA,229,327,22,32,348,497,83,119,55,78,26,37
8724,SP,4,7,1,2,9,13,1,1,1,1,2,4
8726,CA,33,44,3,5,19,25,4,6,4,6,11,14
8727,SA,323,264,24,19,185,152,23,19,48,39,30,24
8732,SP,534,764,0,0,29,41,15,22,6,8,17,25
8737,SP,12,17,0,1,4,5,1,1,0,0,1,1
8746,SP,133,667,0,0,50,248,0,0,6,28,10,48
8749,SP,7,13,1,1,3,6,1,3,2,4,7,13
8754,SP,5,9,0,0,1,2,0,0,0,0,1,2
8755,AUS,121,362,9,26,118,353,30,89,17,51,6,17
8773,US,127,153,0,0,8,10,0,0,0,0,11,13
8775,AUS,20,20,0,0,28,28,10,10,4,4,7,7
8779,US,32,24,2,2,43,33,10,7,1,0,10,8
8780,SP,103,275,4,10,19,49,5,14,4,10,4,10
8783,AUS,91,205,4,9,32,72,3,8,4,9,5,12
8786,GER,139,162,3,4,34,40,5,5,0,0,27,31
8789,SP,11,25,12,28,33,78,11,25,12,28,4,8
8799,SP,30,40,3,3,30,39,1,1,1,2,1,2
8800,SA,255,182,5,3,120,86,93,67,29,20,25,18
8805,US,180,103,6,4,24,14,0,0,8,5,17,10
8812,SP,5,7,1,2,3,5,3,5,0,0,7,10
8825,SA,148,82,9,5,100,56,53,29,15,9,37,21
8832,GER,16,21,2,3,24,32,5,7,3,5,2,3
8842,SP,6,9,0,0,5,7,3,4,1,2,3,4
8852,SP,163,224,53,73,144,198,0,0,19,26,76,104
8858,CA,275,241,0,0,11,10,0,0,0,0,3,2
8867,SA,384,480,60,74,341,427,67,83,17,21,76,96
8870,SP,41,34,7,5,77,64,23,20,21,18,102,85
8876,SP,57,75,0,0,7,9,0,0,0,0,2,2
8890,SP,78,78,4,4,40,40,7,7,4,4,5,5
8895,SP,69,278,9,35,107,427,3,14,0,0,5,21
8897,GER,196,196,3,3,46,46,14,14,13,13,56,56
8908,CA,81,136,29,48,259,431,19,31,10,16,14,24
8910,SP,78,116,1,1,22,34,0,0,0,0,0,0
8911,SP,72,129,19,34,61,111,41,75,28,50,30,53
8916,SA,0,9,0,1,0,5,0,0,0,0,0,1
8920,IND,214,234,19,21,224,245,38,42,0,0,44,47
8923,SP,237,277,10,12,338,394,19,23,91,107,36,43
8925,SP,228,284,24,29,44,54,36,45,80,99,40,49
8931,SA,425,387,52,47,226,205,124,113,78,71,17,16
8932,SA,576,384,17,11,110,73,132,88,42,28,42,28
8933,CA,9,17,1,2,8,15,1,3,2,5,1,2
8939,SP,112,270,41,97,19,46,18,42,8,18,17,42
8945,SA,86,86,0,0,6,6,0,0,1,1,10,10
8952,SP,149,248,17,29,108,180,8,13,14,24,26,44
8953,SP,7,20,0,0,1,4,0,0,0,0,1,2
8955,SP,12,23,0,0,1,3,0,0,0,0,3,7
8957,SA,262,218,47,39,136,113,41,34,47,39,79,65
8962,SA,10,16,0,0,3,5,0,0,0,0,1,2
8969,SA,171,377,10,21,132,290,0,0,35,77,9,19
8970,SP,171,200,10,12,18,21,3,3,0,0,42,50
8975,SP,8,6,2,1,13,8,1,1,1,0,17,11
8977,SP,0,1,0,3,0,4,0,2,0,3,0,11
8985,SP,403,403,40,40,81,81,60,60,6,6,17,17
9010,SP,323,645,49,98,281,561,46,91,14,28,70,140
9014,IND,20,20,1,1,8,8,1,1,0,0,2,2
9029,SP,101,606,6,38,86,517,14,81,8,50,4,25
9058,SP,530,530,11,11,265,265,16,16,0,0,112,112
9064,SP,380,443,12,13,212,247,57,67,13,16,44,51
9076,SA,78,78,1,1,13,13,0,0,1,1,2,2
9080,SP,19,19,2,2,11,11,2,2,2,2,2,2
9081,SP,1,3,0,1,2,4,1,3,0,1,3,6
9094,SP,219,94,11,5,33,14,14,6,0,0,134,58
9097,SP,67,177,2,6,9,23,2,5,1,1,14,36
9119,US,62,146,5,12,23,53,11,25,5,12,11,27
9120,SP,230,517,3,7,50,111,20,45,12,28,13,29
9121,AUS,554,664,7,9,124,148,47,57,0,0,36,44
9135,SP,4,9,1,1,7,14,1,3,0,0,8,16
9140,US,17,34,1,3,8,16,1,3,2,5,0,1
9145,CA,275,329,12,14,214,256,56,67,73,88,43,51
9150,SP,10,42,0,0,2,7,0,0,0,0,0,1
9153,SP,172,246,25,36,176,252,33,47,21,30,4,6
9166,SP,97,290,21,63,35,106,18,55,9,26,41,122
9167,SP,199,266,30,41,107,143,40,53,15,20,27,35
9185,SP,201,251,9,11,228,286,6,7,13,17,0,0
9197,SP,13,19,0,0,2,3,1,1,0,0,3,5
9204,SP,148,223,64,95,78,116,23,35,42,64,56,85
9206,SP,144,347,14,34,68,163,33,79,31,74,39,95
9209,SA,195,634,32,106,101,329,14,46,22,70,4,11
9212,SP,381,824,0,0,74,161,6,13,4,10,65,140
9213,SP,1,3,0,1,2,3,1,1,0,0,1,2
9214,SP,81,98,1,1,29,35,17,21,8,9,26,32
9215,CA,189,189,0,0,51,51,0,0,0,0,36,36
9216,CA,9,14,1,1,4,7,1,2,0,1,2,2
9220,SP,354,222,106,66,591,370,77,48,71,44,12,7
9224,SA,508,317,5,3,33,20,7,4,0,0,149,93
9239,US,31,61,1,3,6,12,1,2,1,2,2,4
9240,SP,196,262,0,0,10,14,3,3,2,2,15,19
9242,SA,334,502,74,111,230,345,10,14,10,15,31,46
9246,IND,86,86,2,2,65,65,13,13,12,12,31,31
9256,SP,197,296,10,16,82,124,46,70,32,48,32,48
9260,CA,710,639,8,8,131,118,23,20,8,8,17,16
9262,SA,5,15,2,5,1,4,0,0,2,7,3,9
9264,CA,130,293,13,29,217,489,22,51,61,136,61,136
9265,SA,555,370,38,26,107,72,80,53,7,5,46,31
9274,SA,210,315,59,88,45,67,88,131,59,88,25,38
9283,CA,0,8,0,1,0,7,0,2,0,0,0,0
9284,SP,182,438,5,11,49,116,0,0,7,17,24,58
9286,SP,226,181,16,12,56,44,67,53,41,33,10,8
9289,SP,15,15,1,1,9,9,0,0,2,2,7,7
9291,SP,0,8,0,2,0,4,0,0,0,0,0,1
9292,SP,118,206,48,84,252,441,10,17,43,75,32,56
9298,SA,417,835,0,0,155,310,15,31,12,23,0,0
9303,IND,12,0,4,0,7,0,1,0,3,0,5,0
9305,SP,73,238,6,20,151,489,42,138,9,28,28,93
9308,SA,133,265,20,41,88,177,46,92,20,41,18,35
9316,US,1,2,0,0,2,5,1,2,2,5,3,8
9323,ME,306,214,5,3,131,92,19,13,29,20,25,17
9336,SP,192,320,0,0,31,52,0,0,0,0,15,26
9347,SP,8,23,0,0,2,5,1,2,0,0,2,5
9349,GER,245,448,7,14,42,76,39,71,52,95,15,27
9353,IND,286,229,26,21,148,119,34,28,37,29,21,17
9360,US,38,48,1,1,32,41,31,38,17,21,21,27
9362,CA,277,215,3,2,18,14,7,6,3,2,12,9
9365,SP,721,328,0,0,149,68,0,0,0,0,8,4
9369,GER,360,328,7,7,162,147,105,96,13,11,20,18
9370,CA,281,281,41,41,138,138,40,40,20,20,41,41
9381,AUS,94,234,3,6,35,89,3,9,7,17,31,78
9384,AUS,94,234,3,6,35,89,3,9,7,17,31,78
9386,SP,125,149,0,0,10,11,2,2,3,3,7,8
9392,SP,1,3,0,1,4,7,0,0,0,0,0,1
9396,SA,3,6,0,0,2,4,1,3,0,1,2,3
9400,SP,315,315,13,13,306,306,22,22,9,9,27,27
9405,SA,36,48,1,2,26,35,1,1,0,1,9,12
9422,AUS,12,24,1,1,14,28,7,13,7,14,3,7
9423,SP,4,9,1,2,6,11,2,5,1,2,1,2
9426,SP,276,415,0,0,28,41,4,6,0,0,52,78
9432,SA,5,5,7,7,9,9,4,4,1,1,6,6
9449,SA,130,285,2,3,39,85,5,10,11,24,3,8
9451,CA,427,384,40,36,225,203,52,47,72,65,56,51
9460,SP,18,12,2,1,28,19,11,8,13,8,25,17
9463,CA,524,407,32,25,142,111,51,40,55,43,8,6
9467,SP,1,2,1,2,3,8,1,2,0,0,1,2
9477,IND,154,230,0,0,41,61,8,13,13,19,2,3
9478,SP,36,55,26,38,51,77,26,39,1,2,20,30
9481,CA,5,5,5,5,6,6,7,7,5,5,8,8
9483,CA,97,193,20,39,59,118,26,51,2,3,10,19
9485,SA,26,77,2,7,12,37,6,18,1,2,3,9
9491,SA,7,7,1,1,11,11,1,1,2,2,13,13
9493,CA,323,517,20,33,309,495,9,14,27,44,7,10
9495,SP,90,269,27,81,103,310,35,106,24,73,8,24
9499,CA,384,895,5,11,86,201,6,14,0,0,5,11
9500,SP,117,104,55,49,89,80,54,48,41,37,44,40
9503,SP,20,20,17,17,65,65,21,21,13,13,22,22
9504,SP,34,145,5,23,98,423,21,90,23,100,9,38
9507,SP,142,119,13,10,40,33,2,2,13,10,27,23
9516,SP,294,326,26,28,113,126,47,52,46,52,56,63
9523,SP,0,5,0,0,0,8,0,2,0,0,0,0
9529,SA,140,419,38,115,126,377,55,164,3,10,45,136
9530,SA,2,3,1,2,1,3,1,3,0,1,0,0
9543,SP,0,3,0,6,0,5,0,0,0,2,0,6
9553,IND,0,0,0,2,0,3,0,4,0,1,0,5
9559,CA,330,614,0,0,21,39,0,0,0,0,11,20
9560,SP,399,457,28,33,266,304,19,21,12,13,57,65
9576,SP,43,43,2,2,28,28,1,1,2,2,4,4
9579,CA,27,27,1,1,17,17,1,1,0,0,8,8
9589,IND,121,211,71,123,137,240,54,95,45,80,21,36
9592,SP,4,7,1,1,4,5,1,2,0,0,3,5
9595,SP,270,270,85,85,408,408,10,10,0,0,15,15
9596,US,68,297,6,26,22,95,6,28,21,89,1,5
9597,CA,103,133,46,60,83,106,10,13,18,23,57,73
9606,SP,353,529,12,17,206,308,15,23,12,17,18,26
9612,SP,0,1,2,6,2,5,1,3,2,6,4,12
9617,SA,0,0,1,3,1,4,2,5,0,0,1,3
9624,SP,201,402,15,30,69,138,12,24,6,12,18,36
9635,SP,33,33,1,1,20,20,2,2,2,2,7,7
9645,SP,436,484,65,73,80,88,17,19,22,24,14,16
9648,SP,85,68,2,2,31,25,0,0,5,4,17,14
9653,SA,11,16,0,1,6,8,2,2,0,1,8,13
9665,SA,134,134,2,2,15,15,2,2,0,0,29,29
9668,SA,1,3,5,11,7,13,0,0,6,11,7,13
9671,SP,8,6,2,1,13,8,1,1,1,0,17,11
9672,CA,2,6,1,2,2,7,5,14,1,3,6,17
9687,CA,84,100,79,95,116,140,23,27,14,16,15,17
9697,SP,156,179,20,22,59,68,13,15,2,3,2,3
9699,SP,119,238,12,23,90,181,9,19,9,19,5,9
9701,CA,18,14,19,15,23,18,42,31,9,7,66,50
9703,SA,46,31,1,1,21,14,0,0,1,0,41,28
9706,CA,25,37,0,1,8,12,2,2,0,0,3,4
9707,SP,294,809,0,0,12,33,0,0,0,0,9,25
9710,SP,433,275,4,3,38,24,0,0,0,0,9,6
9723,CA,186,345,50,92,76,141,22,40,3,6,20,36
9725,SP,3,5,0,0,1,2,0,0,0,0,0,1
9727,CA,1,3,8,16,4,7,5,11,0,1,8,17
9729,GER,101,88,5,5,135,118,30,26,23,20,34,30
9733,IND,0,1,1,3,3,7,10,19,0,0,12,24
9736,US,27,27,3,3,10,10,1,1,7,7,2,2
9738,SA,33,33,2,2,8,8,0,0,2,2,6,6
9739,SP,31,31,0,0,11,11,2,2,1,1,13,13
9743,CA,839,610,52,37,93,68,40,29,20,15,62,45
9750,SP,487,244,40,20,235,118,52,26,8,4,49,24
9757,SP,293,704,4,11,122,292,29,70,9,21,22,54
9760,SA,477,477,0,0,36,36,0,0,0,0,87,87
9771,IND,52,52,10,10,51,51,12,12,8,8,3,3
9780,SP,177,288,10,15,50,82,52,84,0,0,14,23
9790,CA,669,243,53,19,125,45,34,13,26,10,71,26
9797,SP,62,166,5,14,35,95,1,3,3,8,14,37
9799,SP,124,742,3,18,22,129,4,24,3,18,12,74
9805,CA,120,200,18,30,50,83,15,24,27,45,18,30
9817,IND,366,487,4,6,61,82,6,7,4,6,9,11
9826,US,300,599,34,68,279,559,44,89,34,68,13,27
9829,SP,7,15,1,3,6,11,4,8,3,7,4,9
9847,SP,219,94,11,5,33,14,14,6,0,0,134,58
9850,SP,0,3,0,6,0,7,0,0,0,0,0,3
9855,SP,284,615,0,0,32,69,0,0,0,0,6,14
9860,SP,80,80,0,0,11,11,1,1,1,1,16,16
9862,CA,0,1,2,4,3,4,4,7,2,3,1,2
9888,SP,167,291,29,52,129,227,39,67,18,32,15,25
9904,CA,112,224,41,82,91,183,15,31,41,82,47,94
9905,SP,68,68,1,1,21,21,5,5,1,1,34,34
9907,GER,278,464,11,18,57,95,9,16,3,6,21,36
9909,AUS,2,2,9,9,7,7,8,8,11,11,25,25
9916,SA,14,20,0,1,6,8,0,0,0,0,2,3
9923,SP,23,45,0,0,5,11,0,0,0,0,3,5
9925,SP,73,54,1,0,32,24,0,0,1,0,18,13
9930,CA,191,415,47,101,72,156,5,10,47,101,7,15
9931,SP,0,0,0,0,0,0,0,0,0,0,0,0
9937,US,27,160,12,69,21,128,4,21,6,37,13,78
9938,IND,208,311,7,10,325,488,11,16,69,104,20,31
9940,SA,229,153,68,46,166,110,45,30,74,50,23,15
9949,CA,199,399,5,11,47,94,11,21,14,27,16,33
9952,SA,164,204,14,18,284,355,6,7,19,24,4,6
9955,SP,30,39,3,5,11,15,5,7,3,4,5,7
9958,AUS,321,321,7,7,25,25,0,0,4,4,29,29
9960,SA,0,0,0,0,0,1,3,5,1,2,1,1
9964,SP,54,108,17,33,33,67,18,37,10,20,9,18
9967,US,74,86,7,8,90,106,7,8,5,6,23,27
9970,CA,6,36,2,9,8,49,1,9,4,24,2,12
9971,SA,132,265,6,13,23,46,4,8,0,0,3,6
9972,SA,10,29,0,0,1,2,0,0,0,0,2,5
9973,SP,173,197,4,5,43,49,3,3,4,5,2,2
9974,SA,9,6,4,2,12,8,2,2,3,2,12,8
9977,US,206,115,7,4,199,110,21,12,17,9,22,12
9984,SP,233,116,11,5,96,48,19,9,3,2,121,61
9986,SA,11,5,0,0,15,8,2,1,1,1,7,3
9988,CA,175,378,8,17,45,97,21,44,21,46,3,5
9999,SP,305,305,53,53,63,63,69,69,21,21,11,11
10001,SP,2,3,7,10,7,10,5,8,6,8,14,20
10010,AUS,60,40,1,1,10,6,1,1,1,0,19,12
10022,SP,4,8,0,0,1,3,0,0,0,0,0,0
10031,SA,9,11,1,1,10,13,1,2,0,1,2,2
10032,SA,2,2,3,3,7,7,1,1,6,6,9,9
10033,GER,1,2,1,2,3,8,3,8,1,2,3,8
10037,SA,170,205,69,83,152,183,42,51,41,50,37,44
10057,SP,180,323,10,17,150,269,32,58,50,89,55,98
10061,US,310,414,7,10,61,82,0,0,3,5,84,112
10065,SP,2,5,1,3,4,9,5,10,3,5,6,11
10067,GER,1,3,0,0,1,3,0,0,0,0,2,3
10069,SA,1,1,4,4,3,3,1,1,8,8,14,14
10084,IND,2,2,1,1,4,4,10,10,0,0,9,9
10089,SA,53,115,47,101,140,304,10,22,54,118,47,101
10091,SP,260,260,10,10,184,184,20,20,41,41,20,20
10092,SP,626,447,0,0,146,104,89,64,8,6,8,6
10095,CA,334,667,4,8,80,160,5,11,4,8,4,8
10099,SA,66,172,32,83,60,155,47,122,19,50,21,55
10102,SA,198,198,92,92,283,283,83,83,71,71,14,14
10104,CA,1,3,0,0,1,1,0,0,0,0,1,1
10120,US,39,77,2,4,27,55,2,4,2,4,14,27
10127,CA,201,100,7,4,41,20,3,1,5,2,7,4
10128,CA,182,438,5,11,49,116,0,0,7,17,24,58
10129,SP,96,386,29,118,102,407,21,83,21,86,21,86
10133,CA,434,868,23,45,244,487,30,59,38,76,15,30
10140,IND,727,581,0,0,220,176,13,10,0,0,0,0
10141,SA,0,7,0,1,0,6,0,0,0,3,0,3
10142,US,116,256,6,12,39,87,15,32,15,33,24,54
10144,SA,198,99,5,2,53,26,0,0,7,4,121,61
10146,AUS,6,19,0,1,3,10,0,0,0,0,1,2
10150,SA,232,232,14,14,437,437,15,15,9,9,19,19
10151,SP,79,238,12,35,62,185,38,113,12,35,35,104
10156,SP,115,100,34,29,270,237,123,108,17,14,101,89
10157,CA,36,53,6,9,36,53,14,20,17,25,2,3
10159,AUS,242,198,45,36,202,166,0,0,67,55,96,78
10160,SP,8,23,0,0,2,5,1,2,0,0,2,5
10163,SP,380,332,27,23,224,196,35,30,20,18,20,18
10164,SP,509,509,17,17,209,209,54,54,50,50,8,8
10172,SP,122,334,5,14,222,610,20,55,31,87,10,28
10175,SP,5,14,0,0,1,2,0,0,0,0,1,2
10176,SP,53,106,0,0,40,80,0,0,0,0,46,91
10177,SP,204,327,27,42,115,185,58,92,53,85,58,92
10196,US,106,106,62,62,89,89,8,8,32,32,12,12
10203,SP,3,8,2,5,2,7,1,2,0,1,3,8
10207,SA,2,3,0,1,3,5,0,0,0,0,0,1
10212,IND,33,33,2,2,8,8,0,0,2,2,6,6
10219,CA,2,5,1,2,4,11,2,5,2,5,1,2
10232,SP,52,122,5,13,24,57,8,20,2,4,7,17
10236,SA,6,10,1,2,10,15,2,4,0,1,5,8
10240,CA,623,374,16,10,168,101,21,13,8,5,26,16
10241,SP,0,0,0,0,0,0,2,4,1,1,2,4
10242,SP,19,37,0,0,4,7,0,0,0,0,3,5
10245,SP,44,116,22,58,101,268,18,49,11,28,11,30
10250,SP,0,1,2,3,1,2,2,5,1,3,3,5
10258,US,7,20,0,0,1,4,0,0,0,0,1,2
10260,SP,110,92,3,2,40,34,6,5,3,2,8,6
10262,IND,4,4,1,1,8,8,0,0,5,5,9,9
10264,SA,0,1,1,1,3,5,1,3,1,2,4,9
10270,GER,6,6,3,3,11,11,6,6,3,3,6,6
10277,SP,9,27,0,0,1,2,0,0,0,0,1,3
10281,AUS,75,105,25,35,100,141,5,8,23,32,23,32
10286,SA,42,276,1,7,54,353,20,130,5,30,1,7
10299,SP,123,266,29,62,78,170,20,44,15,34,13,28
10304,SP,2,4,0,1,2,5,8,15,1,3,6,13
10307,SP,158,211,4,5,37,50,5,7,6,8,15,19
10311,SP,16,0,4,0,12,0,2,0,4,0,321,0
10313,SP,88,71,2,2,25,20,3,3,1,1,21,17
10314,IND,545,303,42,24,77,43,55,31,57,32,71,40
10319,SP,234,856,3,9,21,75,3,13,3,9,13,47
10323,SP,91,114,3,4,18,23,1,2,1,1,20,26
10340,SP,41,34,7,5,77,64,23,20,21,18,102,85
10341,AUS,19,49,8,20,11,28,5,11,9,21,12,29
10343,IND,165,440,25,66,109,290,0,0,12,33,56,149
10350,SP,8,25,0,0,1,4,0,0,0,0,0,0
10352,SA,30,20,2,2,17,11,4,2,2,1,16,10
10356,SP,7,22,0,0,1,2,0,0,0,0,0,1
10364,SP,0,0,0,0,0,1,1,1,4,8,2,3
10377,SP,93,77,3,3,53,44,13,11,7,5,48,40
10379,SP,117,210,3,6,44,78,7,12,5,9,30,53
10380,IND,20,20,1,1,20,20,2,2,2,2,9,9
10381,SP,5,9,0,0,1,2,0,0,0,0,1,3
10383,AUS,98,197,12,23,161,321,40,81,40,80,13,27
10390,SP,2,5,2,5,1,3,1,2,1,3,2,5
10394,CA,300,375,64,80,59,74,42,52,85,107,107,134
10395,SP,1,1,23,23,2,2,2,2,3,3,21,21
10398,SP,0,1,2,4,1,1,3,5,1,1,4,8
10401,GER,0,1,0,0,0,5,0,0,0,3,0,9
10402,CA,6,19,0,1,2,7,1,2,0,1,0,1
10403,CA,1,1,7,7,3,3,4,4,3,3,6,6
10413,SP,69,206,21,62,54,162,38,113,35,106,56,168
10420,US,54,41,8,6,37,27,1,1,5,4,22,16
10424,SA,82,183,42,96,170,383,69,155,7,16,28,64
10430,AUS,563,563,14,14,106,106,19,19,14,14,21,21
10432,CA,1,2,0,0,2,7,1,2,2,5,1,2
10446,CA,77,107,10,13,186,260,13,18,10,13,10,13
10448,SP,86,86,21,21,43,43,23,23,3,3,14,14
10451,SA,0,9,0,1,0,3,0,0,0,4,0,8
10466,SP,5,19,0,2,4,16,0,2,0,2,2,8
10469,IND,208,311,28,43,344,516,37,56,11,16,21,32
10470,GER,16,24,1,1,9,14,0,0,2,2,9,14
10473,SP,63,95,8,11,115,173,10,15,0,0,15,23
10476,US,50,84,4,7,22,37,6,9,1,1,11,19
10477,SP,43,28,0,0,11,7,0,0,0,0,8,5
10478,SA,313,170,0,0,70,38,0,0,4,2,23,13
10479,AUS,281,468,15,25,110,184,45,76,60,100,55,92
10486,SP,159,317,25,50,54,108,10,19,50,101,32,65
10489,SA,277,416,8,13,370,555,12,19,10,14,34,50
10490,AUS,60,40,38,26,47,32,39,26,0,0,65,44
10492,IND,0,2,0,0,0,5,0,2,0,0,0,1
10500,AUS,8,11,0,1,9,11,7,9,6,8,12,16
10505,SA,222,519,6,13,46,108,15,35,3,6,8,20
10507,US,154,537,2,5,15,54,0,0,2,5,5,18
10509,US,26,26,0,0,8,8,0,0,0,0,2,2
10513,SP,110,329,42,127,141,424,23,68,42,127,18,53
10521,SP,18,45,2,4,16,41,4,9,4,9,6,16
10524,CA,110,276,7,16,27,68,15,39,12,29,56,140
10525,SP,3,7,0,0,3,5,0,0,0,0,3,6
10530,IND,144,287,27,55,147,294,27,53,7,13,34,68
10536,SP,13,13,0,0,8,8,1,1,1,1,1,1
10542,SP,15,15,2,2,17,17,1,1,2,2,2,2
10548,GER,57,226,3,14,74,298,28,110,21,85,9,35
10552,SP,25,45,20,34,40,69,29,51,3,6,16,29
10556,SP,87,87,7,7,66,66,16,16,2,2,3,3
10560,SP,4,12,0,1,1,2,0,0,0,0,0,1
10562,IND,196,424,8,18,62,133,11,23,5,12,45,96
10573,IND,75,50,10,6,59,39,80,54,13,8,16,11
10581,SP,179,102,4,3,53,31,10,5,0,0,76,43
10582,GER,53,127,9,23,102,246,22,54,9,23,26,64
10584,SP,87,138,62,100,149,238,41,65,14,22,11,18
10590,SP,227,567,21,52,164,409,0,0,8,21,4,10
10591,SP,32,32,5,5,42,42,4,4,10,10,10,10
10595,SP,1,1,2,4,11,17,5,8,2,2,6,10
10598,SP,5,7,0,1,6,10,2,2,0,1,1,2
10602,IND,12,17,5,7,25,34,8,11,0,1,15,21
10609,CA,14,57,0,0,3,10,1,2,0,1,0,0
10613,SP,11,15,0,1,7,9,1,1,1,1,6,9
10617,SP,4,4,2,2,5,5,1,1,1,1,2,2
10619,SA,385,385,15,15,445,445,125,125,14,14,12,12
10623,SP,7,21,0,0,1,3,0,0,0,0,0,0
10634,SP,30,60,22,45,55,110,10,20,14,29,4,7
10637,SP,12,12,0,0,14,14,4,4,15,15,5,5
10640,SP,44,44,3,3,36,36,4,4,6,6,15,15
10641,SP,2,4,2,3,2,2,5,8,2,2,10,15
10642,SP,3,8,1,3,4,11,1,3,1,3,0,1
10643,AUS,39,85,26,57,83,184,27,58,18,41,11,24
10648,SP,181,217,44,52,203,244,100,120,44,52,15,17
10652,CA,80,160,22,45,167,333,66,133,0,0,54,109
10659,IND,1,1,5,3,7,4,2,1,5,3,13,8
10660,SP,233,116,5,2,23,12,0,0,0,0,31,16
10664,SP,257,143,3,1,23,13,4,2,0,0,14,8
10669,SP,64,213,5,16,15,49,14,48,5,16,6,19
10673,SA,415,345,44,36,254,212,9,8,7,6,44,36
10675,SP,584,325,7,4,140,78,0,0,0,0,15,8
10676,SP,44,102,58,135,138,321,62,144,8,18,44,102
10678,SP,342,311,9,8,89,81,18,16,14,12,9,8
10680,SP,23,23,0,0,8,8,1,1,1,1,3,3
10681,SP,43,86,43,86,86,173,56,112,40,81,28,55
10686,SP,5,10,0,0,1,3,0,0,0,0,1,1
10691,SP,4,7,0,0,3,7,0,0,1,1,7,13
10699,SA,23,23,0,0,20,20,2,2,0,0,2,2
10701,US,263,450,0,0,97,167,44,76,29,51,13,21
10702,SP,93,93,4,4,67,67,28,28,28,28,6,6
10703,SP,34,23,0,0,16,11,0,0,0,0,22,14
10704,SP,162,242,0,0,37,55,11,17,11,16,57,85
10708,SP,3,8,2,5,3,8,0,0,1,3,1,2
10710,SP,2,3,1,1,1,2,1,2,0,0,2,3
10711,SA,43,174,15,62,75,298,22,89,5,18,19,74
10722,IND,195,98,5,3,83,41,7,4,3,1,71,35
10727,SP,413,768,37,70,70,129,14,25,11,20,11,20
10735,SA,7,7,1,1,4,4,1,1,1,1,1,1
10736,CA,285,237,0,0,285,237,124,103,65,55,73,61
10738,AUS,16,24,0,0,8,11,1,1,0,1,1,2
10741,SP,94,78,7,5,61,51,4,4,0,0,8,7
10742,SP,236,296,9,12,56,71,12,14,9,11,9,11
10749,SP,0,0,0,0,0,0,0,0,0,0,0,0
10755,AUS,4,2,2,1,8,6,9,6,4,3,22,14
10757,SP,1,3,1,1,2,3,1,1,0,0,0,0
10766,SP,132,265,6,13,23,46,4,8,0,0,3,6
10767,US,152,608,8,32,96,384,0,0,8,32,5,21
10770,CA,58,189,38,123,69,226,49,161,20,65,11,36
10779,SP,4,11,1,4,4,11,0,0,1,3,3,8
10785,SA,10,14,0,1,4,6,1,1,0,0,2,2
10789,SP,17,25,0,1,7,11,1,2,0,0,2,2
10790,SP,3,6,0,0,2,3,0,0,0,0,2,5
10795,IND,8,11,1,2,8,11,1,2,0,1,1,2
10796,IND,12,35,0,1,2,5,0,0,0,0,3,9
10812,SA,15,22,0,0,18,28,2,2,1,2,0,0
10814,SP,96,207,7,16,237,514,26,56,8,18,60,131
10821,SP,81,101,2,2,15,18,0,0,1,1,19,23
10826,SP,2,4,0,1,2,5,8,15,1,3,6,13
10827,AUS,38,50,1,2,9,12,2,2,0,1,12,17
10832,SP,144,144,5,5,15,15,2,2,5,5,63,63
10833,SP,301,489,7,12,51,82,5,7,0,0,7,12
10837,CA,1,1,0,1,7,11,8,12,4,7,6,10
10839,CA,2,5,1,4,1,4,2,6,0,0,1,4
10841,SP,75,151,7,15,44,89,14,27,10,21,10,21
10846,CA,153,174,4,5,58,67,12,13,2,2,65,74
10854,IND,12,17,0,0,6,8,0,0,0,0,1,1
10855,SP,78,156,5,9,26,51,6,13,3,7,14,28
10856,CA,8,23,0,0,2,5,0,0,0,1,2,6
10858,SP,200,155,17,13,100,77,51,39,78,60,17,13
10862,SP,18,161,1,7,8,75,2,17,1,10,3,23
10868,SP,79,265,10,35,151,503,24,80,3,8,26,88
10870,SA,491,218,30,13,126,56,29,13,82,36,171,76
10872,SP,294,809,0,0,12,33,0,0,0,0,9,25
10882,SP,163,244,21,32,88,133,23,35,60,90,10,16
10888,US,156,117,6,5,102,76,35,27,47,36,17,12
10897,AUS,324,433,34,46,93,124,12,17,34,46,5,6
10905,SP,78,116,1,1,22,34,0,0,0,0,0,0
10906,SA,135,135,8,8,35,35,8,8,10,10,19,19
10909,AUS,496,496,12,12,347,347,26,26,10,10,60,60
10913,SP,1,2,1,1,4,8,0,0,0,1,3,6
10914,SP,1,3,0,1,2,5,1,2,0,1,1,2
10925,SA,55,200,7,24,96,350,9,31,12,44,38,138
10928,SP,158,158,2,2,31,31,21,21,16,16,73,73
10936,AUS,332,265,92,74,332,265,96,76,92,74,138,111
10949,SP,420,672,14,23,228,364,56,89,14,23,21,34
10951,SP,76,203,0,0,5,13,0,0,0,0,2,7
10955,SP,178,238,20,26,396,529,26,34,46,61,20,26
10965,SP,184,799,4,16,73,316,45,195,9,41,8,33
10967,SA,11,22,2,4,13,27,1,2,2,5,3,7
10968,IND,152,114,12,9,171,129,37,28,5,3,25,19
10971,SP,121,52,6,2,75,32,5,2,1,1,123,53
10972,SP,250,375,14,21,68,101,23,35,7,10,14,21
10981,SA,100,334,32,105,92,308,10,35,32,105,10,35
10983,SA,96,208,31,67,73,157,47,103,23,51,23,51
10991,CA,252,202,108,86,59,47,17,14,12,10,24,19
10992,SA,173,477,7,21,94,259,12,33,11,31,8,22
10995,SA,7,9,2,3,13,17,3,5,3,4,11,15
11003,CA,1,1,2,3,3,4,0,0,7,11,7,11
11004,SA,3,5,0,0,2,3,2,5,0,0,1,1
11007,SP,7,20,0,0,2,5,0,0,0,0,1,2
11010,SP,10,10,2,2,9,9,2,2,1,1,0,0
11013,SP,84,252,7,21,71,212,46,138,14,41,14,41
11025,SP,33,33,0,0,23,23,2,2,2,2,10,10
11030,SP,3,6,0,0,1,2,0,0,0,0,1,3
11031,AUS,7,20,0,1,3,8,1,2,0,0,0,1
11039,SP,46,36,18,15,30,24,39,32,17,13,23,18
11051,CA,185,308,7,12,41,69,6,10,5,8,5,8
11056,SP,126,420,21,70,95,315,27,92,0,0,5,17
11071,CA,150,300,44,89,317,634,58,115,0,0,72,144
11074,SA,114,380,21,71,90,301,45,149,3,8,56,185
11075,CA,69,114,1,1,24,40,3,4,1,1,5,8
11084,CA,221,517,0,0,70,162,4,9,6,14,15,35
11086,SP,0,1,2,5,1,2,1,2,2,5,1,2
11088,SP,698,698,0,0,161,161,23,23,18,18,9,9
11091,GER,2,5,1,2,2,7,1,2,0,0,1,2
11092,SA,5,7,0,1,8,13,1,1,1,1,1,2
11096,SP,22,77,1,3,7,25,8,29,12,42,1,5
11100,CA,20,31,1,1,3,4,0,0,0,1,1,1
11101,AUS,239,173,13,9,76,56,34,25,16,12,106,77
11110,IND,0,0,0,0,0,0,0,0,0,0,0,0
11112,SP,283,453,44,70,107,172,32,50,29,47,73,117
11114,SP,10,15,2,2,4,5,2,4,3,5,13,19
11121,IND,1,1,8,6,16,12,9,7,2,1,4,3
11133,IND,173,149,2,1,27,23,2,2,2,1,23,19
11148,SP,1,1,0,1,1,3,1,2,0,1,1,1
11166,SP,137,92,3,2,34,22,2,1,1,1,12,8
11171,AUS,159,133,2,1,42,35,5,5,2,1,14,12
11176,CA,157,219,4,5,35,48,8,11,2,2,2,2
11178,GER,4,11,1,2,3,8,0,0,0,1,1,3
11181,CA,0,0,0,0,0,0,0,0,0,0,0,0
11187,CA,1,1,3,5,4,6,5,7,6,8,9,14
11188,SP,6,9,4,6,8,11,3,5,7,10,8,12
11191,SP,12,25,11,21,13,25,4,7,1,2,6,12